diff,group,group link,variable,variable link,configs/MOM6-examples/ocean_only/global/MOM_input,configs/mom6-om4-025/MOM_input,configs/mom6-panan/MOM_input,configs/mom6-eac/MOM_input,configs/MOM6-CICE6_1deg_jra55do_ryf/MOM_input
*,"=HYPERLINK(""https://github.com/mom-ocean/MOM6/search?q=mom6"", ""&mom6"")",absorb_all_sw,https://github.com/mom-ocean/MOM6/search?q=absorb_all_sw,True,,,,
*,"=HYPERLINK(""https://github.com/mom-ocean/MOM6/search?q=mom6"", ""&mom6"")",adjust_net_fresh_water_to_zero,https://github.com/mom-ocean/MOM6/search?q=adjust_net_fresh_water_to_zero,,,,,True
*,"=HYPERLINK(""https://github.com/mom-ocean/MOM6/search?q=mom6"", ""&mom6"")",adjust_net_srestore_to_zero,https://github.com/mom-ocean/MOM6/search?q=adjust_net_srestore_to_zero,,,,,True
*,"=HYPERLINK(""https://github.com/mom-ocean/MOM6/search?q=mom6"", ""&mom6"")",adjust_thickness,https://github.com/mom-ocean/MOM6/search?q=adjust_thickness,True,,,,
*,"=HYPERLINK(""https://github.com/mom-ocean/MOM6/search?q=mom6"", ""&mom6"")",ah,https://github.com/mom-ocean/MOM6/search?q=ah,,,,,1000000000000.0
*,"=HYPERLINK(""https://github.com/mom-ocean/MOM6/search?q=mom6"", ""&mom6"")",ah_vel_scale,https://github.com/mom-ocean/MOM6/search?q=ah_vel_scale,0.05,0.01,0.01,0.01,0.0
*,"=HYPERLINK(""https://github.com/mom-ocean/MOM6/search?q=mom6"", ""&mom6"")",ale_coordinate_config,https://github.com/mom-ocean/MOM6/search?q=ale_coordinate_config,,"HYBRID:hycom1_75_800m.nc,sigma2,FNC1:2,4000,4.5,.01","FILE:vcoord.nc,interfaces=st_edges_ocean","FILE:vcoord.nc,interfaces=st_edges_ocean","FILE:ocean_vgrid.nc,interfaces=zeta"
*,"=HYPERLINK(""https://github.com/mom-ocean/MOM6/search?q=mom6"", ""&mom6"")",archaic_omip_forcing_file,https://github.com/mom-ocean/MOM6/search?q=archaic_omip_forcing_file,False,,,,
*,"=HYPERLINK(""https://github.com/mom-ocean/MOM6/search?q=mom6"", ""&mom6"")",bad_val_ssh_max,https://github.com/mom-ocean/MOM6/search?q=bad_val_ssh_max,,50.0,,,
*,"=HYPERLINK(""https://github.com/mom-ocean/MOM6/search?q=mom6"", ""&mom6"")",bad_val_sss_max,https://github.com/mom-ocean/MOM6/search?q=bad_val_sss_max,,75.0,,,
*,"=HYPERLINK(""https://github.com/mom-ocean/MOM6/search?q=mom6"", ""&mom6"")",bad_val_sst_max,https://github.com/mom-ocean/MOM6/search?q=bad_val_sst_max,,55.0,,,
*,"=HYPERLINK(""https://github.com/mom-ocean/MOM6/search?q=mom6"", ""&mom6"")",bad_val_sst_min,https://github.com/mom-ocean/MOM6/search?q=bad_val_sst_min,,-3.0,-3.0,-3.0,
*,"=HYPERLINK(""https://github.com/mom-ocean/MOM6/search?q=mom6"", ""&mom6"")",barotropic_tidal_sal_bug,https://github.com/mom-ocean/MOM6/search?q=barotropic_tidal_sal_bug,False,,,,
,"=HYPERLINK(""https://github.com/mom-ocean/MOM6/search?q=mom6"", ""&mom6"")",bbl_mixing_as_max,https://github.com/mom-ocean/MOM6/search?q=bbl_mixing_as_max,False,False,False,False,False
,"=HYPERLINK(""https://github.com/mom-ocean/MOM6/search?q=mom6"", ""&mom6"")",bbl_thick_min,https://github.com/mom-ocean/MOM6/search?q=bbl_thick_min,0.1,0.1,0.1,0.1,0.1
*,"=HYPERLINK(""https://github.com/mom-ocean/MOM6/search?q=mom6"", ""&mom6"")",bbl_use_eos,https://github.com/mom-ocean/MOM6/search?q=bbl_use_eos,,True,True,True,True
,"=HYPERLINK(""https://github.com/mom-ocean/MOM6/search?q=mom6"", ""&mom6"")",bebt,https://github.com/mom-ocean/MOM6/search?q=bebt,0.2,0.2,0.2,0.2,0.2
,"=HYPERLINK(""https://github.com/mom-ocean/MOM6/search?q=mom6"", ""&mom6"")",bound_bt_correction,https://github.com/mom-ocean/MOM6/search?q=bound_bt_correction,True,True,True,True,True
,"=HYPERLINK(""https://github.com/mom-ocean/MOM6/search?q=mom6"", ""&mom6"")",bound_coriolis,https://github.com/mom-ocean/MOM6/search?q=bound_coriolis,True,True,True,True,True
,"=HYPERLINK(""https://github.com/mom-ocean/MOM6/search?q=mom6"", ""&mom6"")",bound_salinity,https://github.com/mom-ocean/MOM6/search?q=bound_salinity,True,True,True,True,True
*,"=HYPERLINK(""https://github.com/mom-ocean/MOM6/search?q=mom6"", ""&mom6"")",boundary_extrapolation,https://github.com/mom-ocean/MOM6/search?q=boundary_extrapolation,,True,True,True,
*,"=HYPERLINK(""https://github.com/mom-ocean/MOM6/search?q=mom6"", ""&mom6"")",brushcutter_mode,https://github.com/mom-ocean/MOM6/search?q=brushcutter_mode,,,True,True,
,"=HYPERLINK(""https://github.com/mom-ocean/MOM6/search?q=mom6"", ""&mom6"")",bt_project_velocity,https://github.com/mom-ocean/MOM6/search?q=bt_project_velocity,True,True,True,True,True
*,"=HYPERLINK(""https://github.com/mom-ocean/MOM6/search?q=mom6"", ""&mom6"")",bt_thick_scheme,https://github.com/mom-ocean/MOM6/search?q=bt_thick_scheme,,,,,FROM_BT_CONT
*,"=HYPERLINK(""https://github.com/mom-ocean/MOM6/search?q=mom6"", ""&mom6"")",bt_use_old_coriolis_bracket_bug,https://github.com/mom-ocean/MOM6/search?q=bt_use_old_coriolis_bracket_bug,,True,,,
*,"=HYPERLINK(""https://github.com/mom-ocean/MOM6/search?q=mom6"", ""&mom6"")",bulk_ri_ml,https://github.com/mom-ocean/MOM6/search?q=bulk_ri_ml,0.05,,,,
*,"=HYPERLINK(""https://github.com/mom-ocean/MOM6/search?q=mom6"", ""&mom6"")",buoy_config,https://github.com/mom-ocean/MOM6/search?q=buoy_config,file,,,,
*,"=HYPERLINK(""https://github.com/mom-ocean/MOM6/search?q=mom6"", ""&mom6"")",c_p,https://github.com/mom-ocean/MOM6/search?q=c_p,3925.0,3992.0,3992.0,3992.0,3992.0
*,"=HYPERLINK(""https://github.com/mom-ocean/MOM6/search?q=mom6"", ""&mom6"")",cd_tides,https://github.com/mom-ocean/MOM6/search?q=cd_tides,,0.0018,0.0018,0.0018,
*,"=HYPERLINK(""https://github.com/mom-ocean/MOM6/search?q=mom6"", ""&mom6"")",cfc_bc_file,https://github.com/mom-ocean/MOM6/search?q=cfc_bc_file,,,,,cfc_atm_20230310.nc
*,"=HYPERLINK(""https://github.com/mom-ocean/MOM6/search?q=mom6"", ""&mom6"")",cfl_truncate_ramp_time,https://github.com/mom-ocean/MOM6/search?q=cfl_truncate_ramp_time,,,,,7200.0
*,"=HYPERLINK(""https://github.com/mom-ocean/MOM6/search?q=mom6"", ""&mom6"")",channel_config,https://github.com/mom-ocean/MOM6/search?q=channel_config,global_1deg,list,,,global_1deg
,"=HYPERLINK(""https://github.com/mom-ocean/MOM6/search?q=mom6"", ""&mom6"")",channel_drag,https://github.com/mom-ocean/MOM6/search?q=channel_drag,True,True,True,True,True
*,"=HYPERLINK(""https://github.com/mom-ocean/MOM6/search?q=mom6"", ""&mom6"")",channel_list_file,https://github.com/mom-ocean/MOM6/search?q=channel_list_file,,MOM_channels_global_025,,,
*,"=HYPERLINK(""https://github.com/mom-ocean/MOM6/search?q=mom6"", ""&mom6"")",check_bad_surface_vals,https://github.com/mom-ocean/MOM6/search?q=check_bad_surface_vals,,True,True,True,True
*,"=HYPERLINK(""https://github.com/mom-ocean/MOM6/search?q=mom6"", ""&mom6"")",check_diffusive_cfl,https://github.com/mom-ocean/MOM6/search?q=check_diffusive_cfl,,True,True,True,True
*,"=HYPERLINK(""https://github.com/mom-ocean/MOM6/search?q=mom6"", ""&mom6"")",chl_file,https://github.com/mom-ocean/MOM6/search?q=chl_file,seawifs_1998-2006_GOLD_smoothed_2X.nc,seawifs-clim-1997-2010.1440x1080.v20180328.nc,,,
*,"=HYPERLINK(""https://github.com/mom-ocean/MOM6/search?q=mom6"", ""&mom6"")",chl_varname,https://github.com/mom-ocean/MOM6/search?q=chl_varname,,chlor_a,,,
*,"=HYPERLINK(""https://github.com/mom-ocean/MOM6/search?q=mom6"", ""&mom6"")",coord_config,https://github.com/mom-ocean/MOM6/search?q=coord_config,file,ALE,ALE,ALE,none
*,"=HYPERLINK(""https://github.com/mom-ocean/MOM6/search?q=mom6"", ""&mom6"")",coord_file,https://github.com/mom-ocean/MOM6/search?q=coord_file,GOLD_IC.2010.11.15.nc,,,,
*,"=HYPERLINK(""https://github.com/mom-ocean/MOM6/search?q=mom6"", ""&mom6"")",coriolis_scheme,https://github.com/mom-ocean/MOM6/search?q=coriolis_scheme,,SADOURNY75_ENSTRO,SADOURNY75_ENSTRO,SADOURNY75_ENSTRO,
*,"=HYPERLINK(""https://github.com/mom-ocean/MOM6/search?q=mom6"", ""&mom6"")",correct_absorption_depth,https://github.com/mom-ocean/MOM6/search?q=correct_absorption_depth,True,,,,
*,"=HYPERLINK(""https://github.com/mom-ocean/MOM6/search?q=mom6"", ""&mom6"")",daymax,https://github.com/mom-ocean/MOM6/search?q=daymax,2.0,,,,
*,"=HYPERLINK(""https://github.com/mom-ocean/MOM6/search?q=mom6"", ""&mom6"")",debug,https://github.com/mom-ocean/MOM6/search?q=debug,,,,,False
*,"=HYPERLINK(""https://github.com/mom-ocean/MOM6/search?q=mom6"", ""&mom6"")",default_2018_answers,https://github.com/mom-ocean/MOM6/search?q=default_2018_answers,,True,,,False
*,"=HYPERLINK(""https://github.com/mom-ocean/MOM6/search?q=mom6"", ""&mom6"")",depress_initial_surface,https://github.com/mom-ocean/MOM6/search?q=depress_initial_surface,,,,True,
*,"=HYPERLINK(""https://github.com/mom-ocean/MOM6/search?q=mom6"", ""&mom6"")",depth_limit_fluxes,https://github.com/mom-ocean/MOM6/search?q=depth_limit_fluxes,0.1,,,,
*,"=HYPERLINK(""https://github.com/mom-ocean/MOM6/search?q=mom6"", ""&mom6"")",depth_scaled_khth,https://github.com/mom-ocean/MOM6/search?q=depth_scaled_khth,,,,,False
*,"=HYPERLINK(""https://github.com/mom-ocean/MOM6/search?q=mom6"", ""&mom6"")",diabatic_first,https://github.com/mom-ocean/MOM6/search?q=diabatic_first,,,,,True
*,"=HYPERLINK(""https://github.com/mom-ocean/MOM6/search?q=mom6"", ""&mom6"")",diag_coord_def_rho2,https://github.com/mom-ocean/MOM6/search?q=diag_coord_def_rho2,,"RFNC1:35,999.5,1028,1028.5,8.,1038.,0.0078125","FILE:diag_rho2.nc,interfaces=rho2","FILE:diag_rho2.nc,interfaces=rho2",
*,"=HYPERLINK(""https://github.com/mom-ocean/MOM6/search?q=mom6"", ""&mom6"")",diag_coord_def_z,https://github.com/mom-ocean/MOM6/search?q=diag_coord_def_z,,,"FILE:vcoord.nc,interfaces=st_edges_ocean","FILE:vcoord.nc,interfaces=st_edges_ocean","FILE:ocean_vgrid.nc,interfaces=zeta"
*,"=HYPERLINK(""https://github.com/mom-ocean/MOM6/search?q=mom6"", ""&mom6"")",diag_coords,https://github.com/mom-ocean/MOM6/search?q=diag_coords,,"['z Z ZSTAR', 'rho2 RHO2 RHO']","['z Z ZSTAR', 'rho2 RHO2 RHO']","['z Z ZSTAR', 'rho2 RHO2 RHO']",
*,"=HYPERLINK(""https://github.com/mom-ocean/MOM6/search?q=mom6"", ""&mom6"")",diffuse_ml_to_interior,https://github.com/mom-ocean/MOM6/search?q=diffuse_ml_to_interior,True,,,,
*,"=HYPERLINK(""https://github.com/mom-ocean/MOM6/search?q=mom6"", ""&mom6"")",dissipation_n0,https://github.com/mom-ocean/MOM6/search?q=dissipation_n0,1e-07,,,,
*,"=HYPERLINK(""https://github.com/mom-ocean/MOM6/search?q=mom6"", ""&mom6"")",dissipation_n1,https://github.com/mom-ocean/MOM6/search?q=dissipation_n1,0.0006,,,,
*,"=HYPERLINK(""https://github.com/mom-ocean/MOM6/search?q=mom6"", ""&mom6"")",do_geothermal,https://github.com/mom-ocean/MOM6/search?q=do_geothermal,True,True,,,
*,"=HYPERLINK(""https://github.com/mom-ocean/MOM6/search?q=mom6"", ""&mom6"")",do_rivermix,https://github.com/mom-ocean/MOM6/search?q=do_rivermix,True,,,,
,"=HYPERLINK(""https://github.com/mom-ocean/MOM6/search?q=mom6"", ""&mom6"")",drag_bg_vel,https://github.com/mom-ocean/MOM6/search?q=drag_bg_vel,0.1,0.1,0.1,0.1,0.1
*,"=HYPERLINK(""https://github.com/mom-ocean/MOM6/search?q=mom6"", ""&mom6"")",dt,https://github.com/mom-ocean/MOM6/search?q=dt,3600.0,900.0,900.0,900.0,1800.0
*,"=HYPERLINK(""https://github.com/mom-ocean/MOM6/search?q=mom6"", ""&mom6"")",dt_forcing,https://github.com/mom-ocean/MOM6/search?q=dt_forcing,7200.0,,,,
*,"=HYPERLINK(""https://github.com/mom-ocean/MOM6/search?q=mom6"", ""&mom6"")",dt_therm,https://github.com/mom-ocean/MOM6/search?q=dt_therm,7200.0,7200.0,1800.0,1800.0,3600.0
*,"=HYPERLINK(""https://github.com/mom-ocean/MOM6/search?q=mom6"", ""&mom6"")",dtbt,https://github.com/mom-ocean/MOM6/search?q=dtbt,-0.95,-0.9,-0.9,-0.9,-0.95
*,"=HYPERLINK(""https://github.com/mom-ocean/MOM6/search?q=mom6"", ""&mom6"")",dtbt_reset_period,https://github.com/mom-ocean/MOM6/search?q=dtbt_reset_period,0.0,,,,0.0
*,"=HYPERLINK(""https://github.com/mom-ocean/MOM6/search?q=mom6"", ""&mom6"")",dtfreeze_dp,https://github.com/mom-ocean/MOM6/search?q=dtfreeze_dp,,-7.75e-08,,,-7.75e-08
*,"=HYPERLINK(""https://github.com/mom-ocean/MOM6/search?q=mom6"", ""&mom6"")",dynamic_surface_pressure,https://github.com/mom-ocean/MOM6/search?q=dynamic_surface_pressure,,True,True,True,
*,"=HYPERLINK(""https://github.com/mom-ocean/MOM6/search?q=mom6"", ""&mom6"")",dynamic_viscous_ml,https://github.com/mom-ocean/MOM6/search?q=dynamic_viscous_ml,True,,,,
*,"=HYPERLINK(""https://github.com/mom-ocean/MOM6/search?q=mom6"", ""&mom6"")",energetics_sfc_pbl,https://github.com/mom-ocean/MOM6/search?q=energetics_sfc_pbl,,True,True,True,
*,"=HYPERLINK(""https://github.com/mom-ocean/MOM6/search?q=mom6"", ""&mom6"")",energysavedays,https://github.com/mom-ocean/MOM6/search?q=energysavedays,0.5,0.25,1.0,1.0,1.0
*,"=HYPERLINK(""https://github.com/mom-ocean/MOM6/search?q=mom6"", ""&mom6"")",enthalpy_from_coupler,https://github.com/mom-ocean/MOM6/search?q=enthalpy_from_coupler,,,,,True
*,"=HYPERLINK(""https://github.com/mom-ocean/MOM6/search?q=mom6"", ""&mom6"")",epbl_is_additive,https://github.com/mom-ocean/MOM6/search?q=epbl_is_additive,,False,False,False,
*,"=HYPERLINK(""https://github.com/mom-ocean/MOM6/search?q=mom6"", ""&mom6"")",epbl_langmuir_scheme,https://github.com/mom-ocean/MOM6/search?q=epbl_langmuir_scheme,,ADDITIVE,ADDITIVE,ADDITIVE,
*,"=HYPERLINK(""https://github.com/mom-ocean/MOM6/search?q=mom6"", ""&mom6"")",epbl_mstar_scheme,https://github.com/mom-ocean/MOM6/search?q=epbl_mstar_scheme,,OM4,OM4,OM4,
*,"=HYPERLINK(""https://github.com/mom-ocean/MOM6/search?q=mom6"", ""&mom6"")",epbl_transition_scale,https://github.com/mom-ocean/MOM6/search?q=epbl_transition_scale,,0.01,0.01,0.01,
*,"=HYPERLINK(""https://github.com/mom-ocean/MOM6/search?q=mom6"", ""&mom6"")",eqn_of_state,https://github.com/mom-ocean/MOM6/search?q=eqn_of_state,,,,,WRIGHT
,"=HYPERLINK(""https://github.com/mom-ocean/MOM6/search?q=mom6"", ""&mom6"")",eta_tolerance,https://github.com/mom-ocean/MOM6/search?q=eta_tolerance,1e-06,1e-06,1e-06,1e-06,1e-06
*,"=HYPERLINK(""https://github.com/mom-ocean/MOM6/search?q=mom6"", ""&mom6"")",eta_tolerance_aux,https://github.com/mom-ocean/MOM6/search?q=eta_tolerance_aux,,0.001,0.001,0.001,
*,"=HYPERLINK(""https://github.com/mom-ocean/MOM6/search?q=mom6"", ""&mom6"")",evaporation_file,https://github.com/mom-ocean/MOM6/search?q=evaporation_file,ocean_forcing_daily.nc,,,,
*,"=HYPERLINK(""https://github.com/mom-ocean/MOM6/search?q=mom6"", ""&mom6"")",fgnv_c_min,https://github.com/mom-ocean/MOM6/search?q=fgnv_c_min,,,,,0.01
*,"=HYPERLINK(""https://github.com/mom-ocean/MOM6/search?q=mom6"", ""&mom6"")",fix_ustar_gustless_bug,https://github.com/mom-ocean/MOM6/search?q=fix_ustar_gustless_bug,,False,,,True
*,"=HYPERLINK(""https://github.com/mom-ocean/MOM6/search?q=mom6"", ""&mom6"")",fluxconst,https://github.com/mom-ocean/MOM6/search?q=fluxconst,0.5,,,,0.11
*,"=HYPERLINK(""https://github.com/mom-ocean/MOM6/search?q=mom6"", ""&mom6"")",fox_kemper_ml_restrat_coef,https://github.com/mom-ocean/MOM6/search?q=fox_kemper_ml_restrat_coef,20.0,1.0,1.0,1.0,1.0
,"=HYPERLINK(""https://github.com/mom-ocean/MOM6/search?q=mom6"", ""&mom6"")",frazil,https://github.com/mom-ocean/MOM6/search?q=frazil,True,True,True,True,True
*,"=HYPERLINK(""https://github.com/mom-ocean/MOM6/search?q=mom6"", ""&mom6"")",geothermal_file,https://github.com/mom-ocean/MOM6/search?q=geothermal_file,geothermal_heating_cm2g.nc,geothermal_davies2013_v1.nc,,,
*,"=HYPERLINK(""https://github.com/mom-ocean/MOM6/search?q=mom6"", ""&mom6"")",geothermal_scale,https://github.com/mom-ocean/MOM6/search?q=geothermal_scale,0.001,1.0,,,
*,"=HYPERLINK(""https://github.com/mom-ocean/MOM6/search?q=mom6"", ""&mom6"")",geothermal_varname,https://github.com/mom-ocean/MOM6/search?q=geothermal_varname,,geothermal_hf,,,
*,"=HYPERLINK(""https://github.com/mom-ocean/MOM6/search?q=mom6"", ""&mom6"")",gill_equatorial_ld,https://github.com/mom-ocean/MOM6/search?q=gill_equatorial_ld,,True,,,True
,"=HYPERLINK(""https://github.com/mom-ocean/MOM6/search?q=mom6"", ""&mom6"")",grid_config,https://github.com/mom-ocean/MOM6/search?q=grid_config,mosaic,mosaic,mosaic,mosaic,mosaic
*,"=HYPERLINK(""https://github.com/mom-ocean/MOM6/search?q=mom6"", ""&mom6"")",grid_file,https://github.com/mom-ocean/MOM6/search?q=grid_file,ocean_hgrid.nc,ocean_hgrid.nc,ocean_hgrid.nc,hgrid_01.nc,ocean_hgrid.nc
*,"=HYPERLINK(""https://github.com/mom-ocean/MOM6/search?q=mom6"", ""&mom6"")",grid_rotation_angle_bugs,https://github.com/mom-ocean/MOM6/search?q=grid_rotation_angle_bugs,,,,,False
*,"=HYPERLINK(""https://github.com/mom-ocean/MOM6/search?q=mom6"", ""&mom6"")",gust_2d_file,https://github.com/mom-ocean/MOM6/search?q=gust_2d_file,gustiness_qscat.nc,,,,
*,"=HYPERLINK(""https://github.com/mom-ocean/MOM6/search?q=mom6"", ""&mom6"")",gust_const,https://github.com/mom-ocean/MOM6/search?q=gust_const,,0.0,0.0,0.0,0.02
*,"=HYPERLINK(""https://github.com/mom-ocean/MOM6/search?q=mom6"", ""&mom6"")",h2_file,https://github.com/mom-ocean/MOM6/search?q=h2_file,sgs_h2.nc,ocean_topog.nc,,,
,"=HYPERLINK(""https://github.com/mom-ocean/MOM6/search?q=mom6"", ""&mom6"")",hbbl,https://github.com/mom-ocean/MOM6/search?q=hbbl,10.0,10.0,10.0,10.0,10.0
*,"=HYPERLINK(""https://github.com/mom-ocean/MOM6/search?q=mom6"", ""&mom6"")",hbd_linear_transition,https://github.com/mom-ocean/MOM6/search?q=hbd_linear_transition,,,,,True
*,"=HYPERLINK(""https://github.com/mom-ocean/MOM6/search?q=mom6"", ""&mom6"")",henyey_igw_background,https://github.com/mom-ocean/MOM6/search?q=henyey_igw_background,True,True,True,True,
*,"=HYPERLINK(""https://github.com/mom-ocean/MOM6/search?q=mom6"", ""&mom6"")",hfreeze,https://github.com/mom-ocean/MOM6/search?q=hfreeze,,,,,10.0
*,"=HYPERLINK(""https://github.com/mom-ocean/MOM6/search?q=mom6"", ""&mom6"")",hmix_fixed,https://github.com/mom-ocean/MOM6/search?q=hmix_fixed,,0.5,0.5,0.5,0.5
*,"=HYPERLINK(""https://github.com/mom-ocean/MOM6/search?q=mom6"", ""&mom6"")",hmix_min,https://github.com/mom-ocean/MOM6/search?q=hmix_min,2.0,,,,2.0
*,"=HYPERLINK(""https://github.com/mom-ocean/MOM6/search?q=mom6"", ""&mom6"")",horiz_varying_background,https://github.com/mom-ocean/MOM6/search?q=horiz_varying_background,,,,,True
*,"=HYPERLINK(""https://github.com/mom-ocean/MOM6/search?q=mom6"", ""&mom6"")",ic_output_file,https://github.com/mom-ocean/MOM6/search?q=ic_output_file,GOLD_IC,,,,
*,"=HYPERLINK(""https://github.com/mom-ocean/MOM6/search?q=mom6"", ""&mom6"")",init_layers_from_z_file,https://github.com/mom-ocean/MOM6/search?q=init_layers_from_z_file,,True,True,True,True
*,"=HYPERLINK(""https://github.com/mom-ocean/MOM6/search?q=mom6"", ""&mom6"")",inputdir,https://github.com/mom-ocean/MOM6/search?q=inputdir,INPUT,INPUT,INPUT,INPUT,./input/
*,"=HYPERLINK(""https://github.com/mom-ocean/MOM6/search?q=mom6"", ""&mom6"")",int_tide_decay_scale,https://github.com/mom-ocean/MOM6/search?q=int_tide_decay_scale,300.0,300.3003003003003,,,300.3003003003003
*,"=HYPERLINK(""https://github.com/mom-ocean/MOM6/search?q=mom6"", ""&mom6"")",int_tide_dissipation,https://github.com/mom-ocean/MOM6/search?q=int_tide_dissipation,True,True,False,False,
*,"=HYPERLINK(""https://github.com/mom-ocean/MOM6/search?q=mom6"", ""&mom6"")",int_tide_profile,https://github.com/mom-ocean/MOM6/search?q=int_tide_profile,,POLZIN_09,,,
*,"=HYPERLINK(""https://github.com/mom-ocean/MOM6/search?q=mom6"", ""&mom6"")",interp_type2,https://github.com/mom-ocean/MOM6/search?q=interp_type2,,,,,LMD94
*,"=HYPERLINK(""https://github.com/mom-ocean/MOM6/search?q=mom6"", ""&mom6"")",interpolate_res_fn,https://github.com/mom-ocean/MOM6/search?q=interpolate_res_fn,,False,,,False
*,"=HYPERLINK(""https://github.com/mom-ocean/MOM6/search?q=mom6"", ""&mom6"")",io_layout,https://github.com/mom-ocean/MOM6/search?q=io_layout,,,"[1, 1]","[1, 1]",
*,"=HYPERLINK(""https://github.com/mom-ocean/MOM6/search?q=mom6"", ""&mom6"")",kappa_h2_factor,https://github.com/mom-ocean/MOM6/search?q=kappa_h2_factor,0.75,0.84,,,
*,"=HYPERLINK(""https://github.com/mom-ocean/MOM6/search?q=mom6"", ""&mom6"")",kappa_itides,https://github.com/mom-ocean/MOM6/search?q=kappa_itides,0.000628319,0.000628319,,,
*,"=HYPERLINK(""https://github.com/mom-ocean/MOM6/search?q=mom6"", ""&mom6"")",kappa_shear_all_layer_tke_bug,https://github.com/mom-ocean/MOM6/search?q=kappa_shear_all_layer_tke_bug,,True,,,False
*,"=HYPERLINK(""https://github.com/mom-ocean/MOM6/search?q=mom6"", ""&mom6"")",kappa_shear_iter_bug,https://github.com/mom-ocean/MOM6/search?q=kappa_shear_iter_bug,,True,,,False
*,"=HYPERLINK(""https://github.com/mom-ocean/MOM6/search?q=mom6"", ""&mom6"")",kd,https://github.com/mom-ocean/MOM6/search?q=kd,2e-05,1.5e-05,1.5e-05,1.5e-05,2e-05
*,"=HYPERLINK(""https://github.com/mom-ocean/MOM6/search?q=mom6"", ""&mom6"")",kd_max,https://github.com/mom-ocean/MOM6/search?q=kd_max,,0.1,0.1,0.1,0.1
,"=HYPERLINK(""https://github.com/mom-ocean/MOM6/search?q=mom6"", ""&mom6"")",kd_min,https://github.com/mom-ocean/MOM6/search?q=kd_min,2e-06,2e-06,2e-06,2e-06,2e-06
*,"=HYPERLINK(""https://github.com/mom-ocean/MOM6/search?q=mom6"", ""&mom6"")",kdml,https://github.com/mom-ocean/MOM6/search?q=kdml,,,,,0.0
*,"=HYPERLINK(""https://github.com/mom-ocean/MOM6/search?q=mom6"", ""&mom6"")",kh_res_scale_coef,https://github.com/mom-ocean/MOM6/search?q=kh_res_scale_coef,,,,,0.4
*,"=HYPERLINK(""https://github.com/mom-ocean/MOM6/search?q=mom6"", ""&mom6"")",kh_vel_scale,https://github.com/mom-ocean/MOM6/search?q=kh_vel_scale,0.01,,,,0.0
*,"=HYPERLINK(""https://github.com/mom-ocean/MOM6/search?q=mom6"", ""&mom6"")",khth,https://github.com/mom-ocean/MOM6/search?q=khth,10.0,,,,0.0
*,"=HYPERLINK(""https://github.com/mom-ocean/MOM6/search?q=mom6"", ""&mom6"")",khth_max,https://github.com/mom-ocean/MOM6/search?q=khth_max,900.0,,,,0.0
*,"=HYPERLINK(""https://github.com/mom-ocean/MOM6/search?q=mom6"", ""&mom6"")",khth_max_cfl,https://github.com/mom-ocean/MOM6/search?q=khth_max_cfl,,0.1,0.1,0.1,
*,"=HYPERLINK(""https://github.com/mom-ocean/MOM6/search?q=mom6"", ""&mom6"")",khth_slope_cff,https://github.com/mom-ocean/MOM6/search?q=khth_slope_cff,0.25,,,,0.01
*,"=HYPERLINK(""https://github.com/mom-ocean/MOM6/search?q=mom6"", ""&mom6"")",khth_use_ebt_struct,https://github.com/mom-ocean/MOM6/search?q=khth_use_ebt_struct,,,,,True
*,"=HYPERLINK(""https://github.com/mom-ocean/MOM6/search?q=mom6"", ""&mom6"")",khth_use_fgnv_streamfunction,https://github.com/mom-ocean/MOM6/search?q=khth_use_fgnv_streamfunction,,,,,True
*,"=HYPERLINK(""https://github.com/mom-ocean/MOM6/search?q=mom6"", ""&mom6"")",khtr,https://github.com/mom-ocean/MOM6/search?q=khtr,10.0,,,,
*,"=HYPERLINK(""https://github.com/mom-ocean/MOM6/search?q=mom6"", ""&mom6"")",khtr_max,https://github.com/mom-ocean/MOM6/search?q=khtr_max,900.0,,,,0.0
*,"=HYPERLINK(""https://github.com/mom-ocean/MOM6/search?q=mom6"", ""&mom6"")",khtr_min,https://github.com/mom-ocean/MOM6/search?q=khtr_min,50.0,,,,50.0
*,"=HYPERLINK(""https://github.com/mom-ocean/MOM6/search?q=mom6"", ""&mom6"")",khtr_passivity_coeff,https://github.com/mom-ocean/MOM6/search?q=khtr_passivity_coeff,3.0,,,,
*,"=HYPERLINK(""https://github.com/mom-ocean/MOM6/search?q=mom6"", ""&mom6"")",khtr_slope_cff,https://github.com/mom-ocean/MOM6/search?q=khtr_slope_cff,0.25,0.25,,,
*,"=HYPERLINK(""https://github.com/mom-ocean/MOM6/search?q=mom6"", ""&mom6"")",kpp_is_additive,https://github.com/mom-ocean/MOM6/search?q=kpp_is_additive,,,,,False
,"=HYPERLINK(""https://github.com/mom-ocean/MOM6/search?q=mom6"", ""&mom6"")",kv,https://github.com/mom-ocean/MOM6/search?q=kv,0.0001,0.0001,0.0001,0.0001,0.0001
*,"=HYPERLINK(""https://github.com/mom-ocean/MOM6/search?q=mom6"", ""&mom6"")",kv_bbl_min,https://github.com/mom-ocean/MOM6/search?q=kv_bbl_min,,0.0,0.0,0.0,
*,"=HYPERLINK(""https://github.com/mom-ocean/MOM6/search?q=mom6"", ""&mom6"")",kv_tbl_min,https://github.com/mom-ocean/MOM6/search?q=kv_tbl_min,,0.0,0.0,0.0,
,"=HYPERLINK(""https://github.com/mom-ocean/MOM6/search?q=mom6"", ""&mom6"")",laplacian,https://github.com/mom-ocean/MOM6/search?q=laplacian,True,True,True,True,True
*,"=HYPERLINK(""https://github.com/mom-ocean/MOM6/search?q=mom6"", ""&mom6"")",latent_heat_fusion,https://github.com/mom-ocean/MOM6/search?q=latent_heat_fusion,,,,,333700.0
*,"=HYPERLINK(""https://github.com/mom-ocean/MOM6/search?q=mom6"", ""&mom6"")",latent_heat_vaporization,https://github.com/mom-ocean/MOM6/search?q=latent_heat_vaporization,,,,,2501000.0
*,"=HYPERLINK(""https://github.com/mom-ocean/MOM6/search?q=mom6"", ""&mom6"")",latentheat_file,https://github.com/mom-ocean/MOM6/search?q=latentheat_file,ocean_forcing_daily.nc,,,,
*,"=HYPERLINK(""https://github.com/mom-ocean/MOM6/search?q=mom6"", ""&mom6"")",layout,https://github.com/mom-ocean/MOM6/search?q=layout,,,"[72, 17]","[8, 12]",
*,"=HYPERLINK(""https://github.com/mom-ocean/MOM6/search?q=mom6"", ""&mom6"")",leith_ah,https://github.com/mom-ocean/MOM6/search?q=leith_ah,,,,,True
*,"=HYPERLINK(""https://github.com/mom-ocean/MOM6/search?q=mom6"", ""&mom6"")",leith_bi_const,https://github.com/mom-ocean/MOM6/search?q=leith_bi_const,,,,,128.0
*,"=HYPERLINK(""https://github.com/mom-ocean/MOM6/search?q=mom6"", ""&mom6"")",limit_buffer_detrain,https://github.com/mom-ocean/MOM6/search?q=limit_buffer_detrain,True,,,,
*,"=HYPERLINK(""https://github.com/mom-ocean/MOM6/search?q=mom6"", ""&mom6"")",longwave_file,https://github.com/mom-ocean/MOM6/search?q=longwave_file,ocean_forcing_daily.nc,,,,
*,"=HYPERLINK(""https://github.com/mom-ocean/MOM6/search?q=mom6"", ""&mom6"")",lt_enhance_coef,https://github.com/mom-ocean/MOM6/search?q=lt_enhance_coef,,0.044,0.044,0.044,
*,"=HYPERLINK(""https://github.com/mom-ocean/MOM6/search?q=mom6"", ""&mom6"")",lt_enhance_exp,https://github.com/mom-ocean/MOM6/search?q=lt_enhance_exp,,-1.5,-1.5,-1.5,
*,"=HYPERLINK(""https://github.com/mom-ocean/MOM6/search?q=mom6"", ""&mom6"")",lt_mod_lac1,https://github.com/mom-ocean/MOM6/search?q=lt_mod_lac1,,0.0,0.0,0.0,
*,"=HYPERLINK(""https://github.com/mom-ocean/MOM6/search?q=mom6"", ""&mom6"")",lt_mod_lac4,https://github.com/mom-ocean/MOM6/search?q=lt_mod_lac4,,0.0,0.0,0.0,
*,"=HYPERLINK(""https://github.com/mom-ocean/MOM6/search?q=mom6"", ""&mom6"")",lt_mod_lac5,https://github.com/mom-ocean/MOM6/search?q=lt_mod_lac5,,0.22,0.22,0.22,
*,"=HYPERLINK(""https://github.com/mom-ocean/MOM6/search?q=mom6"", ""&mom6"")",mask_srestore_under_ice,https://github.com/mom-ocean/MOM6/search?q=mask_srestore_under_ice,,,,,False
*,"=HYPERLINK(""https://github.com/mom-ocean/MOM6/search?q=mom6"", ""&mom6"")",masking_depth,https://github.com/mom-ocean/MOM6/search?q=masking_depth,,0.0,,,
*,"=HYPERLINK(""https://github.com/mom-ocean/MOM6/search?q=mom6"", ""&mom6"")",masktable,https://github.com/mom-ocean/MOM6/search?q=masktable,,,masks/mask_table.262.72x17,masks/mask_table.5.8x12,
*,"=HYPERLINK(""https://github.com/mom-ocean/MOM6/search?q=mom6"", ""&mom6"")",mass_weight_in_pressure_gradient,https://github.com/mom-ocean/MOM6/search?q=mass_weight_in_pressure_gradient,,True,True,True,True
*,"=HYPERLINK(""https://github.com/mom-ocean/MOM6/search?q=mom6"", ""&mom6"")",match_technique,https://github.com/mom-ocean/MOM6/search?q=match_technique,,,,,MatchGradient
*,"=HYPERLINK(""https://github.com/mom-ocean/MOM6/search?q=mom6"", ""&mom6"")",max_delta_srestore,https://github.com/mom-ocean/MOM6/search?q=max_delta_srestore,,,,,0.5
*,"=HYPERLINK(""https://github.com/mom-ocean/MOM6/search?q=mom6"", ""&mom6"")",max_ent_it,https://github.com/mom-ocean/MOM6/search?q=max_ent_it,20,,,,20
*,"=HYPERLINK(""https://github.com/mom-ocean/MOM6/search?q=mom6"", ""&mom6"")",max_layer_thickness_config,https://github.com/mom-ocean/MOM6/search?q=max_layer_thickness_config,,"FNC1:400,31000.0,0.1,.01",,,
*,"=HYPERLINK(""https://github.com/mom-ocean/MOM6/search?q=mom6"", ""&mom6"")",max_p_surf,https://github.com/mom-ocean/MOM6/search?q=max_p_surf,,0.0,0.0,0.0,
*,"=HYPERLINK(""https://github.com/mom-ocean/MOM6/search?q=mom6"", ""&mom6"")",max_rino_it,https://github.com/mom-ocean/MOM6/search?q=max_rino_it,25,25,,,25
*,"=HYPERLINK(""https://github.com/mom-ocean/MOM6/search?q=mom6"", ""&mom6"")",max_tr_diffusion_cfl,https://github.com/mom-ocean/MOM6/search?q=max_tr_diffusion_cfl,,,,,2.0
*,"=HYPERLINK(""https://github.com/mom-ocean/MOM6/search?q=mom6"", ""&mom6"")",maxcpu,https://github.com/mom-ocean/MOM6/search?q=maxcpu,28800.0,,,,
*,"=HYPERLINK(""https://github.com/mom-ocean/MOM6/search?q=mom6"", ""&mom6"")",maximum_depth,https://github.com/mom-ocean/MOM6/search?q=maximum_depth,6000.0,6500.0,6000.0,6000.0,6000.0
*,"=HYPERLINK(""https://github.com/mom-ocean/MOM6/search?q=mom6"", ""&mom6"")",maximum_int_depth_config,https://github.com/mom-ocean/MOM6/search?q=maximum_int_depth_config,,"FNC1:5,8000.0,1.0,.01",,,
*,"=HYPERLINK(""https://github.com/mom-ocean/MOM6/search?q=mom6"", ""&mom6"")",maxtrunc,https://github.com/mom-ocean/MOM6/search?q=maxtrunc,5000,100000,100000,100000,0
,"=HYPERLINK(""https://github.com/mom-ocean/MOM6/search?q=mom6"", ""&mom6"")",maxvel,https://github.com/mom-ocean/MOM6/search?q=maxvel,6.0,6.0,6.0,6.0,6.0
*,"=HYPERLINK(""https://github.com/mom-ocean/MOM6/search?q=mom6"", ""&mom6"")",meke_advection_factor,https://github.com/mom-ocean/MOM6/search?q=meke_advection_factor,,,,,1.0
*,"=HYPERLINK(""https://github.com/mom-ocean/MOM6/search?q=mom6"", ""&mom6"")",meke_alpha_deform,https://github.com/mom-ocean/MOM6/search?q=meke_alpha_deform,,,,,1.0
*,"=HYPERLINK(""https://github.com/mom-ocean/MOM6/search?q=mom6"", ""&mom6"")",meke_alpha_eady,https://github.com/mom-ocean/MOM6/search?q=meke_alpha_eady,,0.15,,,1.0
*,"=HYPERLINK(""https://github.com/mom-ocean/MOM6/search?q=mom6"", ""&mom6"")",meke_alpha_frict,https://github.com/mom-ocean/MOM6/search?q=meke_alpha_frict,,,,,1.0
*,"=HYPERLINK(""https://github.com/mom-ocean/MOM6/search?q=mom6"", ""&mom6"")",meke_alpha_grid,https://github.com/mom-ocean/MOM6/search?q=meke_alpha_grid,,,,,1.0
*,"=HYPERLINK(""https://github.com/mom-ocean/MOM6/search?q=mom6"", ""&mom6"")",meke_alpha_rhines,https://github.com/mom-ocean/MOM6/search?q=meke_alpha_rhines,,0.15,,,1.0
*,"=HYPERLINK(""https://github.com/mom-ocean/MOM6/search?q=mom6"", ""&mom6"")",meke_bgsrc,https://github.com/mom-ocean/MOM6/search?q=meke_bgsrc,,1e-13,,,
*,"=HYPERLINK(""https://github.com/mom-ocean/MOM6/search?q=mom6"", ""&mom6"")",meke_equilibrium_alt,https://github.com/mom-ocean/MOM6/search?q=meke_equilibrium_alt,,,,,True
*,"=HYPERLINK(""https://github.com/mom-ocean/MOM6/search?q=mom6"", ""&mom6"")",meke_equilibrium_restoring,https://github.com/mom-ocean/MOM6/search?q=meke_equilibrium_restoring,,,,,True
*,"=HYPERLINK(""https://github.com/mom-ocean/MOM6/search?q=mom6"", ""&mom6"")",meke_geometric,https://github.com/mom-ocean/MOM6/search?q=meke_geometric,,,,,True
*,"=HYPERLINK(""https://github.com/mom-ocean/MOM6/search?q=mom6"", ""&mom6"")",meke_gmcoeff,https://github.com/mom-ocean/MOM6/search?q=meke_gmcoeff,1.0,1.0,,,0.0
*,"=HYPERLINK(""https://github.com/mom-ocean/MOM6/search?q=mom6"", ""&mom6"")",meke_khmeke_fac,https://github.com/mom-ocean/MOM6/search?q=meke_khmeke_fac,,1.0,,,0.5
*,"=HYPERLINK(""https://github.com/mom-ocean/MOM6/search?q=mom6"", ""&mom6"")",meke_khth_fac,https://github.com/mom-ocean/MOM6/search?q=meke_khth_fac,,,,,1.0
*,"=HYPERLINK(""https://github.com/mom-ocean/MOM6/search?q=mom6"", ""&mom6"")",meke_khtr_fac,https://github.com/mom-ocean/MOM6/search?q=meke_khtr_fac,,,,,1.0
*,"=HYPERLINK(""https://github.com/mom-ocean/MOM6/search?q=mom6"", ""&mom6"")",meke_min_lscale,https://github.com/mom-ocean/MOM6/search?q=meke_min_lscale,,,,,True
*,"=HYPERLINK(""https://github.com/mom-ocean/MOM6/search?q=mom6"", ""&mom6"")",meke_restoring_timescale,https://github.com/mom-ocean/MOM6/search?q=meke_restoring_timescale,,,,,10000000.0
*,"=HYPERLINK(""https://github.com/mom-ocean/MOM6/search?q=mom6"", ""&mom6"")",meke_visc_drag,https://github.com/mom-ocean/MOM6/search?q=meke_visc_drag,,,,,False
*,"=HYPERLINK(""https://github.com/mom-ocean/MOM6/search?q=mom6"", ""&mom6"")",meke_viscosity_coeff_ku,https://github.com/mom-ocean/MOM6/search?q=meke_viscosity_coeff_ku,,,,,0.2
*,"=HYPERLINK(""https://github.com/mom-ocean/MOM6/search?q=mom6"", ""&mom6"")",min_salinity,https://github.com/mom-ocean/MOM6/search?q=min_salinity,,0.01,,,0.0
*,"=HYPERLINK(""https://github.com/mom-ocean/MOM6/search?q=mom6"", ""&mom6"")",minimum_depth,https://github.com/mom-ocean/MOM6/search?q=minimum_depth,0.5,9.5,9.5,9.5,0.5
*,"=HYPERLINK(""https://github.com/mom-ocean/MOM6/search?q=mom6"", ""&mom6"")",mix_len_exponent,https://github.com/mom-ocean/MOM6/search?q=mix_len_exponent,,1.0,1.0,1.0,
,"=HYPERLINK(""https://github.com/mom-ocean/MOM6/search?q=mom6"", ""&mom6"")",mixedlayer_restrat,https://github.com/mom-ocean/MOM6/search?q=mixedlayer_restrat,True,True,True,True,True
*,"=HYPERLINK(""https://github.com/mom-ocean/MOM6/search?q=mom6"", ""&mom6"")",ml_khtr_scale,https://github.com/mom-ocean/MOM6/search?q=ml_khtr_scale,0.0,,,,
*,"=HYPERLINK(""https://github.com/mom-ocean/MOM6/search?q=mom6"", ""&mom6"")",ml_omega_frac,https://github.com/mom-ocean/MOM6/search?q=ml_omega_frac,1.0,0.001,0.001,0.001,
*,"=HYPERLINK(""https://github.com/mom-ocean/MOM6/search?q=mom6"", ""&mom6"")",ml_presort_nk_conv_adj,https://github.com/mom-ocean/MOM6/search?q=ml_presort_nk_conv_adj,4,,,,
*,"=HYPERLINK(""https://github.com/mom-ocean/MOM6/search?q=mom6"", ""&mom6"")",ml_rad_coeff,https://github.com/mom-ocean/MOM6/search?q=ml_rad_coeff,0.1,,,,
*,"=HYPERLINK(""https://github.com/mom-ocean/MOM6/search?q=mom6"", ""&mom6"")",ml_radiation,https://github.com/mom-ocean/MOM6/search?q=ml_radiation,True,,,,
*,"=HYPERLINK(""https://github.com/mom-ocean/MOM6/search?q=mom6"", ""&mom6"")",ml_resort,https://github.com/mom-ocean/MOM6/search?q=ml_resort,True,,,,
*,"=HYPERLINK(""https://github.com/mom-ocean/MOM6/search?q=mom6"", ""&mom6"")",mle_front_length,https://github.com/mom-ocean/MOM6/search?q=mle_front_length,,500.0,500.0,500.0,1000.0
*,"=HYPERLINK(""https://github.com/mom-ocean/MOM6/search?q=mom6"", ""&mom6"")",mle_mld_decay_time,https://github.com/mom-ocean/MOM6/search?q=mle_mld_decay_time,,2592000.0,2592000.0,2592000.0,345600.0
*,"=HYPERLINK(""https://github.com/mom-ocean/MOM6/search?q=mom6"", ""&mom6"")",mle_use_pbl_mld,https://github.com/mom-ocean/MOM6/search?q=mle_use_pbl_mld,,True,True,True,
*,"=HYPERLINK(""https://github.com/mom-ocean/MOM6/search?q=mom6"", ""&mom6"")",mstar,https://github.com/mom-ocean/MOM6/search?q=mstar,0.3,,0.0,0.0,
*,"=HYPERLINK(""https://github.com/mom-ocean/MOM6/search?q=mom6"", ""&mom6"")",mstar2_coef1,https://github.com/mom-ocean/MOM6/search?q=mstar2_coef1,,0.29,0.29,0.29,
*,"=HYPERLINK(""https://github.com/mom-ocean/MOM6/search?q=mom6"", ""&mom6"")",mstar2_coef2,https://github.com/mom-ocean/MOM6/search?q=mstar2_coef2,,0.152,0.152,0.152,
*,"=HYPERLINK(""https://github.com/mom-ocean/MOM6/search?q=mom6"", ""&mom6"")",mstar_cap,https://github.com/mom-ocean/MOM6/search?q=mstar_cap,,10.0,10.0,10.0,
*,"=HYPERLINK(""https://github.com/mom-ocean/MOM6/search?q=mom6"", ""&mom6"")",mstar_conv_adj,https://github.com/mom-ocean/MOM6/search?q=mstar_conv_adj,,0.667,0.667,0.667,
*,"=HYPERLINK(""https://github.com/mom-ocean/MOM6/search?q=mom6"", ""&mom6"")",n_smooth,https://github.com/mom-ocean/MOM6/search?q=n_smooth,,,,,3
*,"=HYPERLINK(""https://github.com/mom-ocean/MOM6/search?q=mom6"", ""&mom6"")",n_smooth_ri,https://github.com/mom-ocean/MOM6/search?q=n_smooth_ri,,,,,1
*,"=HYPERLINK(""https://github.com/mom-ocean/MOM6/search?q=mom6"", ""&mom6"")",ndiff_interior_only,https://github.com/mom-ocean/MOM6/search?q=ndiff_interior_only,,,,,True
*,"=HYPERLINK(""https://github.com/mom-ocean/MOM6/search?q=mom6"", ""&mom6"")",niglobal,https://github.com/mom-ocean/MOM6/search?q=niglobal,360,1440,3600,320,360
*,"=HYPERLINK(""https://github.com/mom-ocean/MOM6/search?q=mom6"", ""&mom6"")",nihalo,https://github.com/mom-ocean/MOM6/search?q=nihalo,,4,,,4
*,"=HYPERLINK(""https://github.com/mom-ocean/MOM6/search?q=mom6"", ""&mom6"")",njglobal,https://github.com/mom-ocean/MOM6/search?q=njglobal,210,1080,845,490,300
*,"=HYPERLINK(""https://github.com/mom-ocean/MOM6/search?q=mom6"", ""&mom6"")",njhalo,https://github.com/mom-ocean/MOM6/search?q=njhalo,,4,,,4
*,"=HYPERLINK(""https://github.com/mom-ocean/MOM6/search?q=mom6"", ""&mom6"")",nk,https://github.com/mom-ocean/MOM6/search?q=nk,63,75,75,75,50
*,"=HYPERLINK(""https://github.com/mom-ocean/MOM6/search?q=mom6"", ""&mom6"")",nstar,https://github.com/mom-ocean/MOM6/search?q=nstar,,0.06,0.06,0.06,
*,"=HYPERLINK(""https://github.com/mom-ocean/MOM6/search?q=mom6"", ""&mom6"")",num_diag_coords,https://github.com/mom-ocean/MOM6/search?q=num_diag_coords,,2,2,2,
*,"=HYPERLINK(""https://github.com/mom-ocean/MOM6/search?q=mom6"", ""&mom6"")",obc_computed_vorticity,https://github.com/mom-ocean/MOM6/search?q=obc_computed_vorticity,,,True,True,
*,"=HYPERLINK(""https://github.com/mom-ocean/MOM6/search?q=mom6"", ""&mom6"")",obc_freeslip_strain,https://github.com/mom-ocean/MOM6/search?q=obc_freeslip_strain,,,True,True,
*,"=HYPERLINK(""https://github.com/mom-ocean/MOM6/search?q=mom6"", ""&mom6"")",obc_freeslip_vorticity,https://github.com/mom-ocean/MOM6/search?q=obc_freeslip_vorticity,,,True,True,
*,"=HYPERLINK(""https://github.com/mom-ocean/MOM6/search?q=mom6"", ""&mom6"")",obc_number_of_segments,https://github.com/mom-ocean/MOM6/search?q=obc_number_of_segments,,,1,4,
*,"=HYPERLINK(""https://github.com/mom-ocean/MOM6/search?q=mom6"", ""&mom6"")",obc_segment_001,https://github.com/mom-ocean/MOM6/search?q=obc_segment_001,,,"J=N,I=N:0,FLATHER,ORLANSKI,NUDGED","J=0,I=0:N,FLATHER,ORLANSKI,NUDGED",
*,"=HYPERLINK(""https://github.com/mom-ocean/MOM6/search?q=mom6"", ""&mom6"")",obc_segment_001_data,https://github.com/mom-ocean/MOM6/search?q=obc_segment_001_data,,,"U=file:forcing/forcing_obc.nc(u),V=file:forcing/forcing_obc.nc(v),SSH=file:forcing/forcing_obc.nc(eta_t),TEMP=file:forcing/forcing_obc.nc(temp),SALT=file:forcing/forcing_obc.nc(salt)","U=file:forcing/forcing_obc_segment_001.nc(u),V=file:forcing/forcing_obc_segment_001.nc(v),SSH=file:forcing/forcing_obc_segment_001.nc(eta_t),TEMP=file:forcing/forcing_obc_segment_001.nc(temp),SALT=file:forcing/forcing_obc_segment_001.nc(salt)",
*,"=HYPERLINK(""https://github.com/mom-ocean/MOM6/search?q=mom6"", ""&mom6"")",obc_segment_001_velocity_nudging_timescales,https://github.com/mom-ocean/MOM6/search?q=obc_segment_001_velocity_nudging_timescales,,,"[0.3, 360.0]","[0.3, 360.0]",
*,"=HYPERLINK(""https://github.com/mom-ocean/MOM6/search?q=mom6"", ""&mom6"")",obc_segment_002,https://github.com/mom-ocean/MOM6/search?q=obc_segment_002,,,,"J=N,I=N:0,FLATHER,ORLANSKI,NUDGED",
*,"=HYPERLINK(""https://github.com/mom-ocean/MOM6/search?q=mom6"", ""&mom6"")",obc_segment_002_data,https://github.com/mom-ocean/MOM6/search?q=obc_segment_002_data,,,,"U=file:forcing/forcing_obc_segment_002.nc(u),V=file:forcing/forcing_obc_segment_002.nc(v),SSH=file:forcing/forcing_obc_segment_002.nc(eta_t),TEMP=file:forcing/forcing_obc_segment_002.nc(temp),SALT=file:forcing/forcing_obc_segment_002.nc(salt)",
*,"=HYPERLINK(""https://github.com/mom-ocean/MOM6/search?q=mom6"", ""&mom6"")",obc_segment_002_velocity_nudging_timescales,https://github.com/mom-ocean/MOM6/search?q=obc_segment_002_velocity_nudging_timescales,,,,"[0.3, 360.0]",
*,"=HYPERLINK(""https://github.com/mom-ocean/MOM6/search?q=mom6"", ""&mom6"")",obc_segment_003,https://github.com/mom-ocean/MOM6/search?q=obc_segment_003,,,,"I=0,J=N:0,FLATHER,ORLANSKI,NUDGED",
*,"=HYPERLINK(""https://github.com/mom-ocean/MOM6/search?q=mom6"", ""&mom6"")",obc_segment_003_data,https://github.com/mom-ocean/MOM6/search?q=obc_segment_003_data,,,,"U=file:forcing/forcing_obc_segment_003.nc(u),V=file:forcing/forcing_obc_segment_003.nc(v),SSH=file:forcing/forcing_obc_segment_003.nc(eta_t),TEMP=file:forcing/forcing_obc_segment_003.nc(temp),SALT=file:forcing/forcing_obc_segment_003.nc(salt)",
*,"=HYPERLINK(""https://github.com/mom-ocean/MOM6/search?q=mom6"", ""&mom6"")",obc_segment_003_velocity_nudging_timescales,https://github.com/mom-ocean/MOM6/search?q=obc_segment_003_velocity_nudging_timescales,,,,"[0.3, 360.0]",
*,"=HYPERLINK(""https://github.com/mom-ocean/MOM6/search?q=mom6"", ""&mom6"")",obc_segment_004,https://github.com/mom-ocean/MOM6/search?q=obc_segment_004,,,,"I=N,J=0:N,FLATHER,ORLANSKI,NUDGED",
*,"=HYPERLINK(""https://github.com/mom-ocean/MOM6/search?q=mom6"", ""&mom6"")",obc_segment_004_data,https://github.com/mom-ocean/MOM6/search?q=obc_segment_004_data,,,,"U=file:forcing/forcing_obc_segment_004.nc(u),V=file:forcing/forcing_obc_segment_004.nc(v),SSH=file:forcing/forcing_obc_segment_004.nc(eta_t),TEMP=file:forcing/forcing_obc_segment_004.nc(temp),SALT=file:forcing/forcing_obc_segment_004.nc(salt)",
*,"=HYPERLINK(""https://github.com/mom-ocean/MOM6/search?q=mom6"", ""&mom6"")",obc_segment_004_velocity_nudging_timescales,https://github.com/mom-ocean/MOM6/search?q=obc_segment_004_velocity_nudging_timescales,,,,"[0.3, 360.0]",
*,"=HYPERLINK(""https://github.com/mom-ocean/MOM6/search?q=mom6"", ""&mom6"")",obc_tracer_reservoir_length_scale_in,https://github.com/mom-ocean/MOM6/search?q=obc_tracer_reservoir_length_scale_in,,,3000,3000,
*,"=HYPERLINK(""https://github.com/mom-ocean/MOM6/search?q=mom6"", ""&mom6"")",obc_tracer_reservoir_length_scale_out,https://github.com/mom-ocean/MOM6/search?q=obc_tracer_reservoir_length_scale_out,,,30000,30000,
*,"=HYPERLINK(""https://github.com/mom-ocean/MOM6/search?q=mom6"", ""&mom6"")",obc_zero_biharmonic,https://github.com/mom-ocean/MOM6/search?q=obc_zero_biharmonic,,,True,True,
*,"=HYPERLINK(""https://github.com/mom-ocean/MOM6/search?q=mom6"", ""&mom6"")",ocean_surface_stagger,https://github.com/mom-ocean/MOM6/search?q=ocean_surface_stagger,,,,,A
*,"=HYPERLINK(""https://github.com/mom-ocean/MOM6/search?q=mom6"", ""&mom6"")",parallel_restartfiles,https://github.com/mom-ocean/MOM6/search?q=parallel_restartfiles,,True,,,
*,"=HYPERLINK(""https://github.com/mom-ocean/MOM6/search?q=mom6"", ""&mom6"")",pen_sw_frac,https://github.com/mom-ocean/MOM6/search?q=pen_sw_frac,,,,,0.42
*,"=HYPERLINK(""https://github.com/mom-ocean/MOM6/search?q=mom6"", ""&mom6"")",pen_sw_nbands,https://github.com/mom-ocean/MOM6/search?q=pen_sw_nbands,3,3,,,
*,"=HYPERLINK(""https://github.com/mom-ocean/MOM6/search?q=mom6"", ""&mom6"")",pen_sw_scale,https://github.com/mom-ocean/MOM6/search?q=pen_sw_scale,,,,,15.0
*,"=HYPERLINK(""https://github.com/mom-ocean/MOM6/search?q=mom6"", ""&mom6"")",prandtl_bkgnd,https://github.com/mom-ocean/MOM6/search?q=prandtl_bkgnd,,,,,5.0
*,"=HYPERLINK(""https://github.com/mom-ocean/MOM6/search?q=mom6"", ""&mom6"")",prandtl_turb,https://github.com/mom-ocean/MOM6/search?q=prandtl_turb,,1.25,1.25,1.25,1.0
*,"=HYPERLINK(""https://github.com/mom-ocean/MOM6/search?q=mom6"", ""&mom6"")",pressure_dependent_frazil,https://github.com/mom-ocean/MOM6/search?q=pressure_dependent_frazil,,True,,,True
*,"=HYPERLINK(""https://github.com/mom-ocean/MOM6/search?q=mom6"", ""&mom6"")",rain_file,https://github.com/mom-ocean/MOM6/search?q=rain_file,ocean_precip_monthly.nc,,,,
*,"=HYPERLINK(""https://github.com/mom-ocean/MOM6/search?q=mom6"", ""&mom6"")",read_gust_2d,https://github.com/mom-ocean/MOM6/search?q=read_gust_2d,True,,,,
*,"=HYPERLINK(""https://github.com/mom-ocean/MOM6/search?q=mom6"", ""&mom6"")",read_tideamp,https://github.com/mom-ocean/MOM6/search?q=read_tideamp,True,True,,,
*,"=HYPERLINK(""https://github.com/mom-ocean/MOM6/search?q=mom6"", ""&mom6"")",reentrant_x,https://github.com/mom-ocean/MOM6/search?q=reentrant_x,,,,False,
*,"=HYPERLINK(""https://github.com/mom-ocean/MOM6/search?q=mom6"", ""&mom6"")",regrid_compressibility_fraction,https://github.com/mom-ocean/MOM6/search?q=regrid_compressibility_fraction,,0.01,,,
*,"=HYPERLINK(""https://github.com/mom-ocean/MOM6/search?q=mom6"", ""&mom6"")",regridding_coordinate_mode,https://github.com/mom-ocean/MOM6/search?q=regridding_coordinate_mode,,HYCOM1,ZSTAR,ZSTAR,ZSTAR
*,"=HYPERLINK(""https://github.com/mom-ocean/MOM6/search?q=mom6"", ""&mom6"")",remap_uv_using_old_alg,https://github.com/mom-ocean/MOM6/search?q=remap_uv_using_old_alg,,True,,,False
*,"=HYPERLINK(""https://github.com/mom-ocean/MOM6/search?q=mom6"", ""&mom6"")",remapping_scheme,https://github.com/mom-ocean/MOM6/search?q=remapping_scheme,,PPM_H4,PPM_H4,PPM_H4,PPM_H4
*,"=HYPERLINK(""https://github.com/mom-ocean/MOM6/search?q=mom6"", ""&mom6"")",report_unused_params,https://github.com/mom-ocean/MOM6/search?q=report_unused_params,,,True,True,
*,"=HYPERLINK(""https://github.com/mom-ocean/MOM6/search?q=mom6"", ""&mom6"")",resoln_scaled_kh,https://github.com/mom-ocean/MOM6/search?q=resoln_scaled_kh,True,True,,,True
*,"=HYPERLINK(""https://github.com/mom-ocean/MOM6/search?q=mom6"", ""&mom6"")",resoln_scaled_khth,https://github.com/mom-ocean/MOM6/search?q=resoln_scaled_khth,True,True,,,True
*,"=HYPERLINK(""https://github.com/mom-ocean/MOM6/search?q=mom6"", ""&mom6"")",restart_checksums_required,https://github.com/mom-ocean/MOM6/search?q=restart_checksums_required,,False,False,False,
*,"=HYPERLINK(""https://github.com/mom-ocean/MOM6/search?q=mom6"", ""&mom6"")",restart_control,https://github.com/mom-ocean/MOM6/search?q=restart_control,3,,,,3
*,"=HYPERLINK(""https://github.com/mom-ocean/MOM6/search?q=mom6"", ""&mom6"")",restint,https://github.com/mom-ocean/MOM6/search?q=restint,365.0,,,,
*,"=HYPERLINK(""https://github.com/mom-ocean/MOM6/search?q=mom6"", ""&mom6"")",restore_salinity,https://github.com/mom-ocean/MOM6/search?q=restore_salinity,,,,,True
*,"=HYPERLINK(""https://github.com/mom-ocean/MOM6/search?q=mom6"", ""&mom6"")",restorebuoy,https://github.com/mom-ocean/MOM6/search?q=restorebuoy,True,,,,
*,"=HYPERLINK(""https://github.com/mom-ocean/MOM6/search?q=mom6"", ""&mom6"")",rivermix_depth,https://github.com/mom-ocean/MOM6/search?q=rivermix_depth,40.0,,,,
*,"=HYPERLINK(""https://github.com/mom-ocean/MOM6/search?q=mom6"", ""&mom6"")",runoff_file,https://github.com/mom-ocean/MOM6/search?q=runoff_file,ocean_precip_monthly.nc,,,,
*,"=HYPERLINK(""https://github.com/mom-ocean/MOM6/search?q=mom6"", ""&mom6"")",salinityrestore_file,https://github.com/mom-ocean/MOM6/search?q=salinityrestore_file,ocean_forcing_daily.nc,,,,
*,"=HYPERLINK(""https://github.com/mom-ocean/MOM6/search?q=mom6"", ""&mom6"")",salt_restore_file,https://github.com/mom-ocean/MOM6/search?q=salt_restore_file,,,,,salt_sfc_restore.nc
*,"=HYPERLINK(""https://github.com/mom-ocean/MOM6/search?q=mom6"", ""&mom6"")",salt_z_init_file,https://github.com/mom-ocean/MOM6/search?q=salt_z_init_file,,woa13_decav_s_monthly_fulldepth_01.nc,,,
*,"=HYPERLINK(""https://github.com/mom-ocean/MOM6/search?q=mom6"", ""&mom6"")",save_initial_conds,https://github.com/mom-ocean/MOM6/search?q=save_initial_conds,True,,,True,True
*,"=HYPERLINK(""https://github.com/mom-ocean/MOM6/search?q=mom6"", ""&mom6"")",sea_ice_rigid_mass,https://github.com/mom-ocean/MOM6/search?q=sea_ice_rigid_mass,,100.0,100.0,100.0,
*,"=HYPERLINK(""https://github.com/mom-ocean/MOM6/search?q=mom6"", ""&mom6"")",sensibleheat_file,https://github.com/mom-ocean/MOM6/search?q=sensibleheat_file,ocean_forcing_daily.nc,,,,
*,"=HYPERLINK(""https://github.com/mom-ocean/MOM6/search?q=mom6"", ""&mom6"")",shortwave_file,https://github.com/mom-ocean/MOM6/search?q=shortwave_file,ocean_forcing_daily.nc,,,,
*,"=HYPERLINK(""https://github.com/mom-ocean/MOM6/search?q=mom6"", ""&mom6"")",simple_tke_to_kd,https://github.com/mom-ocean/MOM6/search?q=simple_tke_to_kd,,True,True,True,True
,"=HYPERLINK(""https://github.com/mom-ocean/MOM6/search?q=mom6"", ""&mom6"")",smag_bi_const,https://github.com/mom-ocean/MOM6/search?q=smag_bi_const,0.06,0.06,0.06,0.06,0.06
*,"=HYPERLINK(""https://github.com/mom-ocean/MOM6/search?q=mom6"", ""&mom6"")",smagorinsky_ah,https://github.com/mom-ocean/MOM6/search?q=smagorinsky_ah,True,True,True,True,
*,"=HYPERLINK(""https://github.com/mom-ocean/MOM6/search?q=mom6"", ""&mom6"")",snow_file,https://github.com/mom-ocean/MOM6/search?q=snow_file,ocean_precip_monthly.nc,,,,
*,"=HYPERLINK(""https://github.com/mom-ocean/MOM6/search?q=mom6"", ""&mom6"")",sponge,https://github.com/mom-ocean/MOM6/search?q=sponge,,,False,False,
*,"=HYPERLINK(""https://github.com/mom-ocean/MOM6/search?q=mom6"", ""&mom6"")",srestore_as_sflux,https://github.com/mom-ocean/MOM6/search?q=srestore_as_sflux,,,,,True
*,"=HYPERLINK(""https://github.com/mom-ocean/MOM6/search?q=mom6"", ""&mom6"")",sstrestore_file,https://github.com/mom-ocean/MOM6/search?q=sstrestore_file,ocean_forcing_daily.nc,,,,
*,"=HYPERLINK(""https://github.com/mom-ocean/MOM6/search?q=mom6"", ""&mom6"")",surface_height_ic_file,https://github.com/mom-ocean/MOM6/search?q=surface_height_ic_file,,,,forcing/init_eta.nc,
*,"=HYPERLINK(""https://github.com/mom-ocean/MOM6/search?q=mom6"", ""&mom6"")",surface_height_ic_var,https://github.com/mom-ocean/MOM6/search?q=surface_height_ic_var,,,,eta_t,
*,"=HYPERLINK(""https://github.com/mom-ocean/MOM6/search?q=mom6"", ""&mom6"")",temp_salt_init_vertical_remap_only,https://github.com/mom-ocean/MOM6/search?q=temp_salt_init_vertical_remap_only,,,True,True,True
*,"=HYPERLINK(""https://github.com/mom-ocean/MOM6/search?q=mom6"", ""&mom6"")",temp_salt_z_init_file,https://github.com/mom-ocean/MOM6/search?q=temp_salt_z_init_file,,,forcing/temp_salt_init_z.nc,forcing/init_cond.nc,ocean_temp_salt.res.nc
*,"=HYPERLINK(""https://github.com/mom-ocean/MOM6/search?q=mom6"", ""&mom6"")",temp_z_init_file,https://github.com/mom-ocean/MOM6/search?q=temp_z_init_file,,woa13_decav_ptemp_monthly_fulldepth_01.nc,,,
*,"=HYPERLINK(""https://github.com/mom-ocean/MOM6/search?q=mom6"", ""&mom6"")",thermo_spans_coupling,https://github.com/mom-ocean/MOM6/search?q=thermo_spans_coupling,,True,True,True,
*,"=HYPERLINK(""https://github.com/mom-ocean/MOM6/search?q=mom6"", ""&mom6"")",thickness_config,https://github.com/mom-ocean/MOM6/search?q=thickness_config,file,,,,
*,"=HYPERLINK(""https://github.com/mom-ocean/MOM6/search?q=mom6"", ""&mom6"")",thickness_file,https://github.com/mom-ocean/MOM6/search?q=thickness_file,GOLD_IC.2010.11.15.nc,,,,
*,"=HYPERLINK(""https://github.com/mom-ocean/MOM6/search?q=mom6"", ""&mom6"")",thicknessdiffuse,https://github.com/mom-ocean/MOM6/search?q=thicknessdiffuse,True,True,False,False,True
,"=HYPERLINK(""https://github.com/mom-ocean/MOM6/search?q=mom6"", ""&mom6"")",thicknessdiffuse_first,https://github.com/mom-ocean/MOM6/search?q=thicknessdiffuse_first,True,True,True,True,True
*,"=HYPERLINK(""https://github.com/mom-ocean/MOM6/search?q=mom6"", ""&mom6"")",tide_m2,https://github.com/mom-ocean/MOM6/search?q=tide_m2,True,,,,True
*,"=HYPERLINK(""https://github.com/mom-ocean/MOM6/search?q=mom6"", ""&mom6"")",tide_sal_scalar_value,https://github.com/mom-ocean/MOM6/search?q=tide_sal_scalar_value,0.094,,,,0.094
*,"=HYPERLINK(""https://github.com/mom-ocean/MOM6/search?q=mom6"", ""&mom6"")",tideamp_file,https://github.com/mom-ocean/MOM6/search?q=tideamp_file,,tidal_amplitude.v20140616.nc,,,
*,"=HYPERLINK(""https://github.com/mom-ocean/MOM6/search?q=mom6"", ""&mom6"")",tides,https://github.com/mom-ocean/MOM6/search?q=tides,True,,,,True
*,"=HYPERLINK(""https://github.com/mom-ocean/MOM6/search?q=mom6"", ""&mom6"")",timeunit,https://github.com/mom-ocean/MOM6/search?q=timeunit,,,86400,86400,
*,"=HYPERLINK(""https://github.com/mom-ocean/MOM6/search?q=mom6"", ""&mom6"")",tke_decay,https://github.com/mom-ocean/MOM6/search?q=tke_decay,10.0,0.01,0.01,0.01,
*,"=HYPERLINK(""https://github.com/mom-ocean/MOM6/search?q=mom6"", ""&mom6"")",tke_itide_max,https://github.com/mom-ocean/MOM6/search?q=tke_itide_max,0.1,0.1,,,
*,"=HYPERLINK(""https://github.com/mom-ocean/MOM6/search?q=mom6"", ""&mom6"")",tolerance_ent,https://github.com/mom-ocean/MOM6/search?q=tolerance_ent,1e-05,,,,1e-05
,"=HYPERLINK(""https://github.com/mom-ocean/MOM6/search?q=mom6"", ""&mom6"")",topo_config,https://github.com/mom-ocean/MOM6/search?q=topo_config,file,file,file,file,file
*,"=HYPERLINK(""https://github.com/mom-ocean/MOM6/search?q=mom6"", ""&mom6"")",topo_edits_file,https://github.com/mom-ocean/MOM6/search?q=topo_edits_file,,All_edits.nc,,,
*,"=HYPERLINK(""https://github.com/mom-ocean/MOM6/search?q=mom6"", ""&mom6"")",topo_file,https://github.com/mom-ocean/MOM6/search?q=topo_file,,ocean_topog.nc,ocean_topog.nc,topog_eac.nc,topog.nc
*,"=HYPERLINK(""https://github.com/mom-ocean/MOM6/search?q=mom6"", ""&mom6"")",tracer_advection_scheme,https://github.com/mom-ocean/MOM6/search?q=tracer_advection_scheme,,PPM:H3,PPM:H3,PPM:H3,PPM:H3
*,"=HYPERLINK(""https://github.com/mom-ocean/MOM6/search?q=mom6"", ""&mom6"")",tripolar_n,https://github.com/mom-ocean/MOM6/search?q=tripolar_n,True,True,,,True
*,"=HYPERLINK(""https://github.com/mom-ocean/MOM6/search?q=mom6"", ""&mom6"")",ts_config,https://github.com/mom-ocean/MOM6/search?q=ts_config,file,,,,
*,"=HYPERLINK(""https://github.com/mom-ocean/MOM6/search?q=mom6"", ""&mom6"")",ts_file,https://github.com/mom-ocean/MOM6/search?q=ts_file,GOLD_IC.2010.11.15.nc,,,,
,"=HYPERLINK(""https://github.com/mom-ocean/MOM6/search?q=mom6"", ""&mom6"")",u_trunc_file,https://github.com/mom-ocean/MOM6/search?q=u_trunc_file,U_velocity_truncations,U_velocity_truncations,U_velocity_truncations,U_velocity_truncations,U_velocity_truncations
*,"=HYPERLINK(""https://github.com/mom-ocean/MOM6/search?q=mom6"", ""&mom6"")",use_cfc_cap,https://github.com/mom-ocean/MOM6/search?q=use_cfc_cap,,,,,False
*,"=HYPERLINK(""https://github.com/mom-ocean/MOM6/search?q=mom6"", ""&mom6"")",use_contemp_abssal,https://github.com/mom-ocean/MOM6/search?q=use_contemp_abssal,,,,,False
*,"=HYPERLINK(""https://github.com/mom-ocean/MOM6/search?q=mom6"", ""&mom6"")",use_cvmix_convection,https://github.com/mom-ocean/MOM6/search?q=use_cvmix_convection,,,,,True
*,"=HYPERLINK(""https://github.com/mom-ocean/MOM6/search?q=mom6"", ""&mom6"")",use_cvmix_ddiff,https://github.com/mom-ocean/MOM6/search?q=use_cvmix_ddiff,,,,,True
*,"=HYPERLINK(""https://github.com/mom-ocean/MOM6/search?q=mom6"", ""&mom6"")",use_gm_work_bug,https://github.com/mom-ocean/MOM6/search?q=use_gm_work_bug,,,,,False
*,"=HYPERLINK(""https://github.com/mom-ocean/MOM6/search?q=mom6"", ""&mom6"")",use_horizontal_boundary_diffusion,https://github.com/mom-ocean/MOM6/search?q=use_horizontal_boundary_diffusion,,,,,True
*,"=HYPERLINK(""https://github.com/mom-ocean/MOM6/search?q=mom6"", ""&mom6"")",use_ideal_age_tracer,https://github.com/mom-ocean/MOM6/search?q=use_ideal_age_tracer,True,True,,,True
*,"=HYPERLINK(""https://github.com/mom-ocean/MOM6/search?q=mom6"", ""&mom6"")",use_jackson_param,https://github.com/mom-ocean/MOM6/search?q=use_jackson_param,True,True,True,True,
*,"=HYPERLINK(""https://github.com/mom-ocean/MOM6/search?q=mom6"", ""&mom6"")",use_kh_in_meke,https://github.com/mom-ocean/MOM6/search?q=use_kh_in_meke,,,,,True
*,"=HYPERLINK(""https://github.com/mom-ocean/MOM6/search?q=mom6"", ""&mom6"")",use_kpp,https://github.com/mom-ocean/MOM6/search?q=use_kpp,,,,,True
*,"=HYPERLINK(""https://github.com/mom-ocean/MOM6/search?q=mom6"", ""&mom6"")",use_la_li2016,https://github.com/mom-ocean/MOM6/search?q=use_la_li2016,,True,True,True,
*,"=HYPERLINK(""https://github.com/mom-ocean/MOM6/search?q=mom6"", ""&mom6"")",use_land_mask_for_hvisc,https://github.com/mom-ocean/MOM6/search?q=use_land_mask_for_hvisc,,False,,,True
*,"=HYPERLINK(""https://github.com/mom-ocean/MOM6/search?q=mom6"", ""&mom6"")",use_legacy_diabatic_driver,https://github.com/mom-ocean/MOM6/search?q=use_legacy_diabatic_driver,,,,,False
*,"=HYPERLINK(""https://github.com/mom-ocean/MOM6/search?q=mom6"", ""&mom6"")",use_lmd94,https://github.com/mom-ocean/MOM6/search?q=use_lmd94,,,,,True
*,"=HYPERLINK(""https://github.com/mom-ocean/MOM6/search?q=mom6"", ""&mom6"")",use_lotw_bbl_diffusivity,https://github.com/mom-ocean/MOM6/search?q=use_lotw_bbl_diffusivity,,True,True,True,True
*,"=HYPERLINK(""https://github.com/mom-ocean/MOM6/search?q=mom6"", ""&mom6"")",use_meke,https://github.com/mom-ocean/MOM6/search?q=use_meke,True,True,,,True
*,"=HYPERLINK(""https://github.com/mom-ocean/MOM6/search?q=mom6"", ""&mom6"")",use_mld_iteration,https://github.com/mom-ocean/MOM6/search?q=use_mld_iteration,,True,True,True,
*,"=HYPERLINK(""https://github.com/mom-ocean/MOM6/search?q=mom6"", ""&mom6"")",use_neutral_diffusion,https://github.com/mom-ocean/MOM6/search?q=use_neutral_diffusion,,,,,True
*,"=HYPERLINK(""https://github.com/mom-ocean/MOM6/search?q=mom6"", ""&mom6"")",use_psurf_in_eos,https://github.com/mom-ocean/MOM6/search?q=use_psurf_in_eos,,False,,,True
*,"=HYPERLINK(""https://github.com/mom-ocean/MOM6/search?q=mom6"", ""&mom6"")",use_regridding,https://github.com/mom-ocean/MOM6/search?q=use_regridding,,True,True,True,True
*,"=HYPERLINK(""https://github.com/mom-ocean/MOM6/search?q=mom6"", ""&mom6"")",use_rigid_sea_ice,https://github.com/mom-ocean/MOM6/search?q=use_rigid_sea_ice,,True,True,True,
*,"=HYPERLINK(""https://github.com/mom-ocean/MOM6/search?q=mom6"", ""&mom6"")",use_stored_slopes,https://github.com/mom-ocean/MOM6/search?q=use_stored_slopes,,True,,,True
*,"=HYPERLINK(""https://github.com/mom-ocean/MOM6/search?q=mom6"", ""&mom6"")",use_variable_mixing,https://github.com/mom-ocean/MOM6/search?q=use_variable_mixing,True,True,,,True
,"=HYPERLINK(""https://github.com/mom-ocean/MOM6/search?q=mom6"", ""&mom6"")",v_trunc_file,https://github.com/mom-ocean/MOM6/search?q=v_trunc_file,V_velocity_truncations,V_velocity_truncations,V_velocity_truncations,V_velocity_truncations,V_velocity_truncations
*,"=HYPERLINK(""https://github.com/mom-ocean/MOM6/search?q=mom6"", ""&mom6"")",var_pen_sw,https://github.com/mom-ocean/MOM6/search?q=var_pen_sw,True,True,,,
*,"=HYPERLINK(""https://github.com/mom-ocean/MOM6/search?q=mom6"", ""&mom6"")",varmix_ktop,https://github.com/mom-ocean/MOM6/search?q=varmix_ktop,6,,,,
*,"=HYPERLINK(""https://github.com/mom-ocean/MOM6/search?q=mom6"", ""&mom6"")",velocity_config,https://github.com/mom-ocean/MOM6/search?q=velocity_config,,,,file,
*,"=HYPERLINK(""https://github.com/mom-ocean/MOM6/search?q=mom6"", ""&mom6"")",velocity_file,https://github.com/mom-ocean/MOM6/search?q=velocity_file,,,,forcing/init_vel_cgrid.nc,
*,"=HYPERLINK(""https://github.com/mom-ocean/MOM6/search?q=mom6"", ""&mom6"")",velocity_tolerance,https://github.com/mom-ocean/MOM6/search?q=velocity_tolerance,0.0001,,,,0.0001
*,"=HYPERLINK(""https://github.com/mom-ocean/MOM6/search?q=mom6"", ""&mom6"")",visbeck_l_scale,https://github.com/mom-ocean/MOM6/search?q=visbeck_l_scale,30000.0,,,,
*,"=HYPERLINK(""https://github.com/mom-ocean/MOM6/search?q=mom6"", ""&mom6"")",visc_res_scale_coef,https://github.com/mom-ocean/MOM6/search?q=visc_res_scale_coef,,,,,0.4
*,"=HYPERLINK(""https://github.com/mom-ocean/MOM6/search?q=mom6"", ""&mom6"")",wind_config,https://github.com/mom-ocean/MOM6/search?q=wind_config,file,,,,
*,"=HYPERLINK(""https://github.com/mom-ocean/MOM6/search?q=mom6"", ""&mom6"")",wind_file,https://github.com/mom-ocean/MOM6/search?q=wind_file,ocean_forcing_daily.nc,,,,
*,"=HYPERLINK(""https://github.com/mom-ocean/MOM6/search?q=mom6"", ""&mom6"")",windstress_x_var,https://github.com/mom-ocean/MOM6/search?q=windstress_x_var,taux,,,,
*,"=HYPERLINK(""https://github.com/mom-ocean/MOM6/search?q=mom6"", ""&mom6"")",windstress_y_var,https://github.com/mom-ocean/MOM6/search?q=windstress_y_var,tauy,,,,
*,"=HYPERLINK(""https://github.com/mom-ocean/MOM6/search?q=mom6"", ""&mom6"")",write_geom,https://github.com/mom-ocean/MOM6/search?q=write_geom,,0,0,1,
*,"=HYPERLINK(""https://github.com/mom-ocean/MOM6/search?q=mom6"", ""&mom6"")",z_init_ale_remapping,https://github.com/mom-ocean/MOM6/search?q=z_init_ale_remapping,,True,True,True,True
*,"=HYPERLINK(""https://github.com/mom-ocean/MOM6/search?q=mom6"", ""&mom6"")",z_init_file_ptemp_var,https://github.com/mom-ocean/MOM6/search?q=z_init_file_ptemp_var,,ptemp_an,temp,temp,temp
*,"=HYPERLINK(""https://github.com/mom-ocean/MOM6/search?q=mom6"", ""&mom6"")",z_init_file_salt_var,https://github.com/mom-ocean/MOM6/search?q=z_init_file_salt_var,,s_an,,,salt
*,"=HYPERLINK(""https://github.com/mom-ocean/MOM6/search?q=mom6"", ""&mom6"")",z_init_remap_old_alg,https://github.com/mom-ocean/MOM6/search?q=z_init_remap_old_alg,,True,,,False
