diff,group,variable,MOM6-examples/ice_ocean_SIS2/Baltic_OM5_025/MOM_parameter_doc.all,dev-MC_100km_jra_ryf/docs/MOM_parameter_doc.all,dev-MC_100km_jra_iaf/docs/MOM_parameter_doc.all,dev-MC_25km_jra_ryf/docs/MOM_parameter_doc.all
*,"=HYPERLINK(""https://github.com/mom-ocean/MOM6/search?q=mom6"", ""&mom6"")","=HYPERLINK(""https://github.com/mom-ocean/MOM6/search?q=ale_coordinate_config"", ""ale_coordinate_config"")","HYBRID:hycom1_75_800m.nc,sigma2,FNC1:2,4000,4.5,.01","FILE:ocean_vgrid.nc,interfaces=zeta","FILE:ocean_vgrid.nc,interfaces=zeta","FILE:ocean_vgrid.nc,interfaces=zeta"
*,"=HYPERLINK(""https://github.com/mom-ocean/MOM6/search?q=mom6"", ""&mom6"")","=HYPERLINK(""https://github.com/mom-ocean/MOM6/search?q=allow_glc_runoff_diagnostics"", ""allow_glc_runoff_diagnostics"")",,False,False,False
*,"=HYPERLINK(""https://github.com/mom-ocean/MOM6/search?q=mom6"", ""&mom6"")","=HYPERLINK(""https://github.com/mom-ocean/MOM6/search?q=approx_net_mass_src"", ""approx_net_mass_src"")",False,,,
*,"=HYPERLINK(""https://github.com/mom-ocean/MOM6/search?q=mom6"", ""&mom6"")","=HYPERLINK(""https://github.com/mom-ocean/MOM6/search?q=bad_val_ssh_max"", ""bad_val_ssh_max"")",50.0,20.0,20.0,50.0
*,"=HYPERLINK(""https://github.com/mom-ocean/MOM6/search?q=mom6"", ""&mom6"")","=HYPERLINK(""https://github.com/mom-ocean/MOM6/search?q=bad_val_sss_max"", ""bad_val_sss_max"")",75.0,45.0,45.0,75.0
*,"=HYPERLINK(""https://github.com/mom-ocean/MOM6/search?q=mom6"", ""&mom6"")","=HYPERLINK(""https://github.com/mom-ocean/MOM6/search?q=bad_val_sst_max"", ""bad_val_sst_max"")",55.0,45.0,45.0,55.0
*,"=HYPERLINK(""https://github.com/mom-ocean/MOM6/search?q=mom6"", ""&mom6"")","=HYPERLINK(""https://github.com/mom-ocean/MOM6/search?q=bad_val_sst_min"", ""bad_val_sst_min"")",-3.0,-2.1,-2.1,-3.0
*,"=HYPERLINK(""https://github.com/mom-ocean/MOM6/search?q=mom6"", ""&mom6"")","=HYPERLINK(""https://github.com/mom-ocean/MOM6/search?q=barotropic_answer_date"", ""barotropic_answer_date"")",20231231,99991231,99991231,99991231
*,"=HYPERLINK(""https://github.com/mom-ocean/MOM6/search?q=mom6"", ""&mom6"")","=HYPERLINK(""https://github.com/mom-ocean/MOM6/search?q=better_bound_ah"", ""better_bound_ah"")",,True,True,True
*,"=HYPERLINK(""https://github.com/mom-ocean/MOM6/search?q=mom6"", ""&mom6"")","=HYPERLINK(""https://github.com/mom-ocean/MOM6/search?q=better_bound_kh"", ""better_bound_kh"")",,True,True,True
*,"=HYPERLINK(""https://github.com/mom-ocean/MOM6/search?q=mom6"", ""&mom6"")","=HYPERLINK(""https://github.com/mom-ocean/MOM6/search?q=blue_frac_sw"", ""blue_frac_sw"")",0.5,,,
*,"=HYPERLINK(""https://github.com/mom-ocean/MOM6/search?q=mom6"", ""&mom6"")","=HYPERLINK(""https://github.com/mom-ocean/MOM6/search?q=bmld_en_vals"", ""bmld_en_vals"")","[25.0, 2500.0, 250000.0]",,,
*,"=HYPERLINK(""https://github.com/mom-ocean/MOM6/search?q=mom6"", ""&mom6"")","=HYPERLINK(""https://github.com/mom-ocean/MOM6/search?q=boundary_extrapolation"", ""boundary_extrapolation"")",True,,,
*,"=HYPERLINK(""https://github.com/mom-ocean/MOM6/search?q=mom6"", ""&mom6"")","=HYPERLINK(""https://github.com/mom-ocean/MOM6/search?q=bt_adj_corr_mass_src"", ""bt_adj_corr_mass_src"")",True,,,
*,"=HYPERLINK(""https://github.com/mom-ocean/MOM6/search?q=mom6"", ""&mom6"")","=HYPERLINK(""https://github.com/mom-ocean/MOM6/search?q=cd_tides"", ""cd_tides"")",0.0018,0.0001,0.0001,0.0001
*,"=HYPERLINK(""https://github.com/mom-ocean/MOM6/search?q=mom6"", ""&mom6"")","=HYPERLINK(""https://github.com/mom-ocean/MOM6/search?q=cfl_based_truncations"", ""cfl_based_truncations"")",,True,True,True
*,"=HYPERLINK(""https://github.com/mom-ocean/MOM6/search?q=mom6"", ""&mom6"")","=HYPERLINK(""https://github.com/mom-ocean/MOM6/search?q=cfl_truncate_ramp_time"", ""cfl_truncate_ramp_time"")",0.0,7200.0,7200.0,7200.0
*,"=HYPERLINK(""https://github.com/mom-ocean/MOM6/search?q=mom6"", ""&mom6"")","=HYPERLINK(""https://github.com/mom-ocean/MOM6/search?q=channel_config"", ""channel_config"")",list,none,none,none
*,"=HYPERLINK(""https://github.com/mom-ocean/MOM6/search?q=mom6"", ""&mom6"")","=HYPERLINK(""https://github.com/mom-ocean/MOM6/search?q=channel_list_360_lon_check"", ""channel_list_360_lon_check"")",True,,,
*,"=HYPERLINK(""https://github.com/mom-ocean/MOM6/search?q=mom6"", ""&mom6"")","=HYPERLINK(""https://github.com/mom-ocean/MOM6/search?q=channel_list_file"", ""channel_list_file"")",MOM_channels_global_025,,,
*,"=HYPERLINK(""https://github.com/mom-ocean/MOM6/search?q=mom6"", ""&mom6"")","=HYPERLINK(""https://github.com/mom-ocean/MOM6/search?q=chl_file"", ""chl_file"")",seawifs_1998-2006_smoothed_2X.v20140616.nc,,,
*,"=HYPERLINK(""https://github.com/mom-ocean/MOM6/search?q=mom6"", ""&mom6"")","=HYPERLINK(""https://github.com/mom-ocean/MOM6/search?q=chl_from_file"", ""chl_from_file"")",True,,,
*,"=HYPERLINK(""https://github.com/mom-ocean/MOM6/search?q=mom6"", ""&mom6"")","=HYPERLINK(""https://github.com/mom-ocean/MOM6/search?q=chl_varname"", ""chl_varname"")",CHL_A,,,
*,"=HYPERLINK(""https://github.com/mom-ocean/MOM6/search?q=mom6"", ""&mom6"")","=HYPERLINK(""https://github.com/mom-ocean/MOM6/search?q=chorophyll_power_manizza"", ""chorophyll_power_manizza"")","[0.674, 0.629, 0.0]",,,
*,"=HYPERLINK(""https://github.com/mom-ocean/MOM6/search?q=mom6"", ""&mom6"")","=HYPERLINK(""https://github.com/mom-ocean/MOM6/search?q=coord_config"", ""coord_config"")",file,none,none,none
*,"=HYPERLINK(""https://github.com/mom-ocean/MOM6/search?q=mom6"", ""&mom6"")","=HYPERLINK(""https://github.com/mom-ocean/MOM6/search?q=coord_file"", ""coord_file"")",layer_coord.nc,,,
*,"=HYPERLINK(""https://github.com/mom-ocean/MOM6/search?q=mom6"", ""&mom6"")","=HYPERLINK(""https://github.com/mom-ocean/MOM6/search?q=coord_var"", ""coord_var"")",Layer,,,
*,"=HYPERLINK(""https://github.com/mom-ocean/MOM6/search?q=mom6"", ""&mom6"")","=HYPERLINK(""https://github.com/mom-ocean/MOM6/search?q=default_answer_date"", ""default_answer_date"")",20231231,99991231,99991231,99991231
*,"=HYPERLINK(""https://github.com/mom-ocean/MOM6/search?q=mom6"", ""&mom6"")","=HYPERLINK(""https://github.com/mom-ocean/MOM6/search?q=diag_coord_def_rho2"", ""diag_coord_def_rho2"")","FILE:diag_rho2.nc,interfaces=rho2","RFNC1:76,999.5,1020.,1034.1,3.1,1041.,0.002","RFNC1:76,999.5,1020.,1034.1,3.1,1041.,0.002","RFNC1:76,999.5,1020.,1034.1,3.1,1041.,0.002"
*,"=HYPERLINK(""https://github.com/mom-ocean/MOM6/search?q=mom6"", ""&mom6"")","=HYPERLINK(""https://github.com/mom-ocean/MOM6/search?q=diag_coord_def_z"", ""diag_coord_def_z"")",WOA09,"FILE:ocean_vgrid.nc,interfaces=zeta","FILE:ocean_vgrid.nc,interfaces=zeta","FILE:ocean_vgrid.nc,interfaces=zeta"
*,"=HYPERLINK(""https://github.com/mom-ocean/MOM6/search?q=mom6"", ""&mom6"")","=HYPERLINK(""https://github.com/mom-ocean/MOM6/search?q=diag_remapping_use_om4_subcells"", ""diag_remapping_use_om4_subcells"")",True,False,False,False
*,"=HYPERLINK(""https://github.com/mom-ocean/MOM6/search?q=mom6"", ""&mom6"")","=HYPERLINK(""https://github.com/mom-ocean/MOM6/search?q=do_geothermal"", ""do_geothermal"")",True,False,False,False
*,"=HYPERLINK(""https://github.com/mom-ocean/MOM6/search?q=mom6"", ""&mom6"")","=HYPERLINK(""https://github.com/mom-ocean/MOM6/search?q=dt"", ""dt"")",900.0,1800.0,1800.0,900.0
*,"=HYPERLINK(""https://github.com/mom-ocean/MOM6/search?q=mom6"", ""&mom6"")","=HYPERLINK(""https://github.com/mom-ocean/MOM6/search?q=dt_therm"", ""dt_therm"")",7200.0,3600.0,3600.0,7200.0
*,"=HYPERLINK(""https://github.com/mom-ocean/MOM6/search?q=mom6"", ""&mom6"")","=HYPERLINK(""https://github.com/mom-ocean/MOM6/search?q=dt_tracer_advect"", ""dt_tracer_advect"")",7200.0,3600.0,3600.0,7200.0
*,"=HYPERLINK(""https://github.com/mom-ocean/MOM6/search?q=mom6"", ""&mom6"")","=HYPERLINK(""https://github.com/mom-ocean/MOM6/search?q=dtbt"", ""dtbt"")",-0.9,-0.95,-0.95,-0.9
*,"=HYPERLINK(""https://github.com/mom-ocean/MOM6/search?q=mom6"", ""&mom6"")","=HYPERLINK(""https://github.com/mom-ocean/MOM6/search?q=dtbt_reset_period"", ""dtbt_reset_period"")",7200.0,0.0,0.0,0.0
*,"=HYPERLINK(""https://github.com/mom-ocean/MOM6/search?q=mom6"", ""&mom6"")","=HYPERLINK(""https://github.com/mom-ocean/MOM6/search?q=ebt_remapping_use_om4_subcells"", ""ebt_remapping_use_om4_subcells"")",True,False,False,False
*,"=HYPERLINK(""https://github.com/mom-ocean/MOM6/search?q=mom6"", ""&mom6"")","=HYPERLINK(""https://github.com/mom-ocean/MOM6/search?q=energysavedays"", ""energysavedays"")",0.25,1.0,1.0,1.0
*,"=HYPERLINK(""https://github.com/mom-ocean/MOM6/search?q=mom6"", ""&mom6"")","=HYPERLINK(""https://github.com/mom-ocean/MOM6/search?q=enthalpy_from_coupler"", ""enthalpy_from_coupler"")",,True,True,True
*,"=HYPERLINK(""https://github.com/mom-ocean/MOM6/search?q=mom6"", ""&mom6"")","=HYPERLINK(""https://github.com/mom-ocean/MOM6/search?q=epbl_answer_date"", ""epbl_answer_date"")",20231231,99991231,99991231,99991231
*,"=HYPERLINK(""https://github.com/mom-ocean/MOM6/search?q=mom6"", ""&mom6"")","=HYPERLINK(""https://github.com/mom-ocean/MOM6/search?q=epbl_bbl_use_mstar"", ""epbl_bbl_use_mstar"")",False,,,
*,"=HYPERLINK(""https://github.com/mom-ocean/MOM6/search?q=mom6"", ""&mom6"")","=HYPERLINK(""https://github.com/mom-ocean/MOM6/search?q=eps_omesh"", ""eps_omesh"")",,1e-13,1e-13,1e-13
*,"=HYPERLINK(""https://github.com/mom-ocean/MOM6/search?q=mom6"", ""&mom6"")","=HYPERLINK(""https://github.com/mom-ocean/MOM6/search?q=exp_opacity_scheme"", ""exp_opacity_scheme"")",,SINGLE_EXP,SINGLE_EXP,SINGLE_EXP
*,"=HYPERLINK(""https://github.com/mom-ocean/MOM6/search?q=mom6"", ""&mom6"")","=HYPERLINK(""https://github.com/mom-ocean/MOM6/search?q=fatal_unused_channel_widths"", ""fatal_unused_channel_widths"")",False,,,
*,"=HYPERLINK(""https://github.com/mom-ocean/MOM6/search?q=mom6"", ""&mom6"")","=HYPERLINK(""https://github.com/mom-ocean/MOM6/search?q=fgnv_c_min"", ""fgnv_c_min"")",,0.0,0.0,0.0
*,"=HYPERLINK(""https://github.com/mom-ocean/MOM6/search?q=mom6"", ""&mom6"")","=HYPERLINK(""https://github.com/mom-ocean/MOM6/search?q=fgnv_filter_scale"", ""fgnv_filter_scale"")",,0.1,0.1,0.1
*,"=HYPERLINK(""https://github.com/mom-ocean/MOM6/search?q=mom6"", ""&mom6"")","=HYPERLINK(""https://github.com/mom-ocean/MOM6/search?q=fgnv_strat_floor"", ""fgnv_strat_floor"")",,1e-15,1e-15,1e-15
*,"=HYPERLINK(""https://github.com/mom-ocean/MOM6/search?q=mom6"", ""&mom6"")","=HYPERLINK(""https://github.com/mom-ocean/MOM6/search?q=fluxconst"", ""fluxconst"")",0.1667,0.11,0.11,0.11
*,"=HYPERLINK(""https://github.com/mom-ocean/MOM6/search?q=mom6"", ""&mom6"")","=HYPERLINK(""https://github.com/mom-ocean/MOM6/search?q=fluxconst_salt"", ""fluxconst_salt"")",0.1667,,,
*,"=HYPERLINK(""https://github.com/mom-ocean/MOM6/search?q=mom6"", ""&mom6"")","=HYPERLINK(""https://github.com/mom-ocean/MOM6/search?q=geom_file"", ""geom_file"")",ocean_geometry,access-om3.mom6.geometry.nc,access-om3.mom6.geometry.nc,access-om3.mom6.geometry.nc
*,"=HYPERLINK(""https://github.com/mom-ocean/MOM6/search?q=mom6"", ""&mom6"")","=HYPERLINK(""https://github.com/mom-ocean/MOM6/search?q=geothermal_file"", ""geothermal_file"")",geothermal_davies2013_v1.nc,,,
*,"=HYPERLINK(""https://github.com/mom-ocean/MOM6/search?q=mom6"", ""&mom6"")","=HYPERLINK(""https://github.com/mom-ocean/MOM6/search?q=geothermal_scale"", ""geothermal_scale"")",1.0,,,
*,"=HYPERLINK(""https://github.com/mom-ocean/MOM6/search?q=mom6"", ""&mom6"")","=HYPERLINK(""https://github.com/mom-ocean/MOM6/search?q=geothermal_thickness"", ""geothermal_thickness"")",0.1,,,
*,"=HYPERLINK(""https://github.com/mom-ocean/MOM6/search?q=mom6"", ""&mom6"")","=HYPERLINK(""https://github.com/mom-ocean/MOM6/search?q=geothermal_varname"", ""geothermal_varname"")",geothermal_hf,,,
*,"=HYPERLINK(""https://github.com/mom-ocean/MOM6/search?q=mom6"", ""&mom6"")","=HYPERLINK(""https://github.com/mom-ocean/MOM6/search?q=h2_file"", ""h2_file"")",ocean_topog.nc,bottom_roughness.nc,bottom_roughness.nc,bottom_roughness.nc
*,"=HYPERLINK(""https://github.com/mom-ocean/MOM6/search?q=mom6"", ""&mom6"")","=HYPERLINK(""https://github.com/mom-ocean/MOM6/search?q=hfreeze"", ""hfreeze"")",-1.0,10.0,10.0,10.0
*,"=HYPERLINK(""https://github.com/mom-ocean/MOM6/search?q=mom6"", ""&mom6"")","=HYPERLINK(""https://github.com/mom-ocean/MOM6/search?q=hor_regrid_answer_date"", ""hor_regrid_answer_date"")",20231231,99991231,99991231,99991231
*,"=HYPERLINK(""https://github.com/mom-ocean/MOM6/search?q=mom6"", ""&mom6"")","=HYPERLINK(""https://github.com/mom-ocean/MOM6/search?q=href_for_mld"", ""href_for_mld"")",,0.0,0.0,0.0
*,"=HYPERLINK(""https://github.com/mom-ocean/MOM6/search?q=mom6"", ""&mom6"")","=HYPERLINK(""https://github.com/mom-ocean/MOM6/search?q=hycom1_only_improves"", ""hycom1_only_improves"")",False,,,
*,"=HYPERLINK(""https://github.com/mom-ocean/MOM6/search?q=mom6"", ""&mom6"")","=HYPERLINK(""https://github.com/mom-ocean/MOM6/search?q=inputdir"", ""inputdir"")",INPUT,./INPUT/,./INPUT/,./INPUT/
*,"=HYPERLINK(""https://github.com/mom-ocean/MOM6/search?q=mom6"", ""&mom6"")","=HYPERLINK(""https://github.com/mom-ocean/MOM6/search?q=internal_wave_speed_better_est"", ""internal_wave_speed_better_est"")",False,True,True,True
*,"=HYPERLINK(""https://github.com/mom-ocean/MOM6/search?q=mom6"", ""&mom6"")","=HYPERLINK(""https://github.com/mom-ocean/MOM6/search?q=interpolation_scheme"", ""interpolation_scheme"")",P1M_H2,,,
*,"=HYPERLINK(""https://github.com/mom-ocean/MOM6/search?q=mom6"", ""&mom6"")","=HYPERLINK(""https://github.com/mom-ocean/MOM6/search?q=intwave_remapping_use_om4_subcells"", ""intwave_remapping_use_om4_subcells"")",True,False,False,False
*,"=HYPERLINK(""https://github.com/mom-ocean/MOM6/search?q=mom6"", ""&mom6"")","=HYPERLINK(""https://github.com/mom-ocean/MOM6/search?q=kh_pwr_of_sine"", ""kh_pwr_of_sine"")",,4.0,4.0,4.0
*,"=HYPERLINK(""https://github.com/mom-ocean/MOM6/search?q=mom6"", ""&mom6"")","=HYPERLINK(""https://github.com/mom-ocean/MOM6/search?q=kh_res_fn_power"", ""kh_res_fn_power"")",2,100,100,100
*,"=HYPERLINK(""https://github.com/mom-ocean/MOM6/search?q=mom6"", ""&mom6"")","=HYPERLINK(""https://github.com/mom-ocean/MOM6/search?q=kh_sin_lat"", ""kh_sin_lat"")",0.0,2000.0,2000.0,2000.0
*,"=HYPERLINK(""https://github.com/mom-ocean/MOM6/search?q=mom6"", ""&mom6"")","=HYPERLINK(""https://github.com/mom-ocean/MOM6/search?q=kh_vel_scale"", ""kh_vel_scale"")",0.0,0.01,0.01,0.01
*,"=HYPERLINK(""https://github.com/mom-ocean/MOM6/search?q=mom6"", ""&mom6"")","=HYPERLINK(""https://github.com/mom-ocean/MOM6/search?q=khth_use_ebt_struct"", ""khth_use_ebt_struct"")",False,True,True,True
*,"=HYPERLINK(""https://github.com/mom-ocean/MOM6/search?q=mom6"", ""&mom6"")","=HYPERLINK(""https://github.com/mom-ocean/MOM6/search?q=khth_use_fgnv_streamfunction"", ""khth_use_fgnv_streamfunction"")",False,True,True,True
*,"=HYPERLINK(""https://github.com/mom-ocean/MOM6/search?q=mom6"", ""&mom6"")","=HYPERLINK(""https://github.com/mom-ocean/MOM6/search?q=khtr"", ""khtr"")",0.0,50.0,50.0,50.0
*,"=HYPERLINK(""https://github.com/mom-ocean/MOM6/search?q=mom6"", ""&mom6"")","=HYPERLINK(""https://github.com/mom-ocean/MOM6/search?q=kv"", ""kv"")",0.0,0.0001,0.0001,0.0
*,"=HYPERLINK(""https://github.com/mom-ocean/MOM6/search?q=mom6"", ""&mom6"")","=HYPERLINK(""https://github.com/mom-ocean/MOM6/search?q=kv_bbl_min"", ""kv_bbl_min"")",0.0,0.0001,0.0001,0.0
*,"=HYPERLINK(""https://github.com/mom-ocean/MOM6/search?q=mom6"", ""&mom6"")","=HYPERLINK(""https://github.com/mom-ocean/MOM6/search?q=kv_ml_invz2"", ""kv_ml_invz2"")",0.0001,0.0,0.0,0.0
*,"=HYPERLINK(""https://github.com/mom-ocean/MOM6/search?q=mom6"", ""&mom6"")","=HYPERLINK(""https://github.com/mom-ocean/MOM6/search?q=kv_tbl_min"", ""kv_tbl_min"")",0.0,0.0001,0.0001,0.0
*,"=HYPERLINK(""https://github.com/mom-ocean/MOM6/search?q=mom6"", ""&mom6"")","=HYPERLINK(""https://github.com/mom-ocean/MOM6/search?q=latent_heat_fusion"", ""latent_heat_fusion"")",334000.0,333700.0,333700.0,333700.0
*,"=HYPERLINK(""https://github.com/mom-ocean/MOM6/search?q=mom6"", ""&mom6"")","=HYPERLINK(""https://github.com/mom-ocean/MOM6/search?q=latent_heat_vaporization"", ""latent_heat_vaporization"")",2500000.0,2501000.0,2501000.0,2501000.0
*,"=HYPERLINK(""https://github.com/mom-ocean/MOM6/search?q=mom6"", ""&mom6"")","=HYPERLINK(""https://github.com/mom-ocean/MOM6/search?q=lightest_density"", ""lightest_density"")",,1035.0,1035.0,1035.0
*,"=HYPERLINK(""https://github.com/mom-ocean/MOM6/search?q=mom6"", ""&mom6"")","=HYPERLINK(""https://github.com/mom-ocean/MOM6/search?q=liquid_runoff_from_data"", ""liquid_runoff_from_data"")",,False,False,False
*,"=HYPERLINK(""https://github.com/mom-ocean/MOM6/search?q=mom6"", ""&mom6"")","=HYPERLINK(""https://github.com/mom-ocean/MOM6/search?q=lotw_bbl_answer_date"", ""lotw_bbl_answer_date"")",20231231,99991231,99991231,99991231
*,"=HYPERLINK(""https://github.com/mom-ocean/MOM6/search?q=mom6"", ""&mom6"")","=HYPERLINK(""https://github.com/mom-ocean/MOM6/search?q=mask_coastal_pressure_force"", ""mask_coastal_pressure_force"")",False,,,
*,"=HYPERLINK(""https://github.com/mom-ocean/MOM6/search?q=mom6"", ""&mom6"")","=HYPERLINK(""https://github.com/mom-ocean/MOM6/search?q=masking_depth"", ""masking_depth"")",0.0,-9999.0,-9999.0,-9999.0
*,"=HYPERLINK(""https://github.com/mom-ocean/MOM6/search?q=mom6"", ""&mom6"")","=HYPERLINK(""https://github.com/mom-ocean/MOM6/search?q=mass_weight_in_pressure_gradient_top"", ""mass_weight_in_pressure_gradient_top"")",True,False,False,False
*,"=HYPERLINK(""https://github.com/mom-ocean/MOM6/search?q=mom6"", ""&mom6"")","=HYPERLINK(""https://github.com/mom-ocean/MOM6/search?q=max_delta_srestore"", ""max_delta_srestore"")",5.0,999.0,999.0,999.0
*,"=HYPERLINK(""https://github.com/mom-ocean/MOM6/search?q=mom6"", ""&mom6"")","=HYPERLINK(""https://github.com/mom-ocean/MOM6/search?q=max_layer_thickness_config"", ""max_layer_thickness_config"")","FNC1:400,31000.0,0.1,.01",,,
*,"=HYPERLINK(""https://github.com/mom-ocean/MOM6/search?q=mom6"", ""&mom6"")","=HYPERLINK(""https://github.com/mom-ocean/MOM6/search?q=max_p_surf"", ""max_p_surf"")",0.0,-1.0,-1.0,-1.0
*,"=HYPERLINK(""https://github.com/mom-ocean/MOM6/search?q=mom6"", ""&mom6"")","=HYPERLINK(""https://github.com/mom-ocean/MOM6/search?q=max_tr_diffusion_cfl"", ""max_tr_diffusion_cfl"")",-1.0,2.0,2.0,2.0
*,"=HYPERLINK(""https://github.com/mom-ocean/MOM6/search?q=mom6"", ""&mom6"")","=HYPERLINK(""https://github.com/mom-ocean/MOM6/search?q=maximum_depth"", ""maximum_depth"")",6500.0,6000.0,6000.0,6000.0
*,"=HYPERLINK(""https://github.com/mom-ocean/MOM6/search?q=mom6"", ""&mom6"")","=HYPERLINK(""https://github.com/mom-ocean/MOM6/search?q=maximum_int_depth_config"", ""maximum_int_depth_config"")","FNC1:5,8000.0,1.0,.01",,,
*,"=HYPERLINK(""https://github.com/mom-ocean/MOM6/search?q=mom6"", ""&mom6"")","=HYPERLINK(""https://github.com/mom-ocean/MOM6/search?q=maxtrunc"", ""maxtrunc"")",100000,0,0,10000
*,"=HYPERLINK(""https://github.com/mom-ocean/MOM6/search?q=mom6"", ""&mom6"")","=HYPERLINK(""https://github.com/mom-ocean/MOM6/search?q=meke_khth_fac"", ""meke_khth_fac"")",0.0,0.5,0.5,0.5
*,"=HYPERLINK(""https://github.com/mom-ocean/MOM6/search?q=mom6"", ""&mom6"")","=HYPERLINK(""https://github.com/mom-ocean/MOM6/search?q=meke_khtr_fac"", ""meke_khtr_fac"")",0.0,0.5,0.5,0.5
*,"=HYPERLINK(""https://github.com/mom-ocean/MOM6/search?q=mom6"", ""&mom6"")","=HYPERLINK(""https://github.com/mom-ocean/MOM6/search?q=meke_viscosity_coeff_ku"", ""meke_viscosity_coeff_ku"")",0.0,1.0,1.0,1.0
*,"=HYPERLINK(""https://github.com/mom-ocean/MOM6/search?q=mom6"", ""&mom6"")","=HYPERLINK(""https://github.com/mom-ocean/MOM6/search?q=min_salinity"", ""min_salinity"")",0.01,0.0,0.0,0.0
*,"=HYPERLINK(""https://github.com/mom-ocean/MOM6/search?q=mom6"", ""&mom6"")","=HYPERLINK(""https://github.com/mom-ocean/MOM6/search?q=minimum_depth"", ""minimum_depth"")",9.5,0.0,0.0,0.0
*,"=HYPERLINK(""https://github.com/mom-ocean/MOM6/search?q=mom6"", ""&mom6"")","=HYPERLINK(""https://github.com/mom-ocean/MOM6/search?q=ml_restrat_answer_date"", ""ml_restrat_answer_date"")",20231231,99991231,99991231,99991231
*,"=HYPERLINK(""https://github.com/mom-ocean/MOM6/search?q=mom6"", ""&mom6"")","=HYPERLINK(""https://github.com/mom-ocean/MOM6/search?q=ndiff_answer_date"", ""ndiff_answer_date"")",,20240101,20240101,20240101
*,"=HYPERLINK(""https://github.com/mom-ocean/MOM6/search?q=mom6"", ""&mom6"")","=HYPERLINK(""https://github.com/mom-ocean/MOM6/search?q=ndiff_continuous"", ""ndiff_continuous"")",,True,True,True
*,"=HYPERLINK(""https://github.com/mom-ocean/MOM6/search?q=mom6"", ""&mom6"")","=HYPERLINK(""https://github.com/mom-ocean/MOM6/search?q=ndiff_interior_only"", ""ndiff_interior_only"")",,False,False,False
*,"=HYPERLINK(""https://github.com/mom-ocean/MOM6/search?q=mom6"", ""&mom6"")","=HYPERLINK(""https://github.com/mom-ocean/MOM6/search?q=ndiff_ref_pres"", ""ndiff_ref_pres"")",,-1.0,-1.0,-1.0
*,"=HYPERLINK(""https://github.com/mom-ocean/MOM6/search?q=mom6"", ""&mom6"")","=HYPERLINK(""https://github.com/mom-ocean/MOM6/search?q=ndiff_use_unmasked_transport_bug"", ""ndiff_use_unmasked_transport_bug"")",,False,False,False
*,"=HYPERLINK(""https://github.com/mom-ocean/MOM6/search?q=mom6"", ""&mom6"")","=HYPERLINK(""https://github.com/mom-ocean/MOM6/search?q=niglobal"", ""niglobal"")",97,360,360,1440
*,"=HYPERLINK(""https://github.com/mom-ocean/MOM6/search?q=mom6"", ""&mom6"")","=HYPERLINK(""https://github.com/mom-ocean/MOM6/search?q=njglobal"", ""njglobal"")",105,300,300,1152
*,"=HYPERLINK(""https://github.com/mom-ocean/MOM6/search?q=mom6"", ""&mom6"")","=HYPERLINK(""https://github.com/mom-ocean/MOM6/search?q=ocean_surface_stagger"", ""ocean_surface_stagger"")",C,A,A,A
*,"=HYPERLINK(""https://github.com/mom-ocean/MOM6/search?q=mom6"", ""&mom6"")","=HYPERLINK(""https://github.com/mom-ocean/MOM6/search?q=opacity_band_wavelengths"", ""opacity_band_wavelengths"")","[0.0, 550.0, 700.0, 2800.0]",,,
*,"=HYPERLINK(""https://github.com/mom-ocean/MOM6/search?q=mom6"", ""&mom6"")","=HYPERLINK(""https://github.com/mom-ocean/MOM6/search?q=opacity_scheme"", ""opacity_scheme"")",MANIZZA_05,,,
*,"=HYPERLINK(""https://github.com/mom-ocean/MOM6/search?q=mom6"", ""&mom6"")","=HYPERLINK(""https://github.com/mom-ocean/MOM6/search?q=opacity_values_manizza"", ""opacity_values_manizza"")","[0.0232, 0.074, 0.225, 0.037, 2.86, 0.0]",,,
*,"=HYPERLINK(""https://github.com/mom-ocean/MOM6/search?q=mom6"", ""&mom6"")","=HYPERLINK(""https://github.com/mom-ocean/MOM6/search?q=optics_answer_date"", ""optics_answer_date"")",20231231,99991231,99991231,99991231
*,"=HYPERLINK(""https://github.com/mom-ocean/MOM6/search?q=mom6"", ""&mom6"")","=HYPERLINK(""https://github.com/mom-ocean/MOM6/search?q=parallel_restartfiles"", ""parallel_restartfiles"")",True,False,False,False
*,"=HYPERLINK(""https://github.com/mom-ocean/MOM6/search?q=mom6"", ""&mom6"")","=HYPERLINK(""https://github.com/mom-ocean/MOM6/search?q=pen_sw_frac"", ""pen_sw_frac"")",,0.42,0.42,0.42
*,"=HYPERLINK(""https://github.com/mom-ocean/MOM6/search?q=mom6"", ""&mom6"")","=HYPERLINK(""https://github.com/mom-ocean/MOM6/search?q=pen_sw_nbands"", ""pen_sw_nbands"")",3,1,1,1
*,"=HYPERLINK(""https://github.com/mom-ocean/MOM6/search?q=mom6"", ""&mom6"")","=HYPERLINK(""https://github.com/mom-ocean/MOM6/search?q=pen_sw_scale"", ""pen_sw_scale"")",,15.0,15.0,15.0
*,"=HYPERLINK(""https://github.com/mom-ocean/MOM6/search?q=mom6"", ""&mom6"")","=HYPERLINK(""https://github.com/mom-ocean/MOM6/search?q=rad_earth"", ""rad_earth"")",6378000.0,6371229.0,6371229.0,6371229.0
*,"=HYPERLINK(""https://github.com/mom-ocean/MOM6/search?q=mom6"", ""&mom6"")","=HYPERLINK(""https://github.com/mom-ocean/MOM6/search?q=reentrant_x"", ""reentrant_x"")",False,True,True,True
*,"=HYPERLINK(""https://github.com/mom-ocean/MOM6/search?q=mom6"", ""&mom6"")","=HYPERLINK(""https://github.com/mom-ocean/MOM6/search?q=regrid_compressibility_fraction"", ""regrid_compressibility_fraction"")",0.01,,,
*,"=HYPERLINK(""https://github.com/mom-ocean/MOM6/search?q=mom6"", ""&mom6"")","=HYPERLINK(""https://github.com/mom-ocean/MOM6/search?q=regridding_answer_date"", ""regridding_answer_date"")",20181231,99991231,99991231,99991231
*,"=HYPERLINK(""https://github.com/mom-ocean/MOM6/search?q=mom6"", ""&mom6"")","=HYPERLINK(""https://github.com/mom-ocean/MOM6/search?q=regridding_coordinate_mode"", ""regridding_coordinate_mode"")",HYCOM1,ZSTAR,ZSTAR,ZSTAR
*,"=HYPERLINK(""https://github.com/mom-ocean/MOM6/search?q=mom6"", ""&mom6"")","=HYPERLINK(""https://github.com/mom-ocean/MOM6/search?q=remap_uv_using_old_alg"", ""remap_uv_using_old_alg"")",True,False,False,False
*,"=HYPERLINK(""https://github.com/mom-ocean/MOM6/search?q=mom6"", ""&mom6"")","=HYPERLINK(""https://github.com/mom-ocean/MOM6/search?q=remapping_answer_date"", ""remapping_answer_date"")",20231231,99991231,99991231,99991231
*,"=HYPERLINK(""https://github.com/mom-ocean/MOM6/search?q=mom6"", ""&mom6"")","=HYPERLINK(""https://github.com/mom-ocean/MOM6/search?q=remapping_use_om4_subcells"", ""remapping_use_om4_subcells"")",True,False,False,False
*,"=HYPERLINK(""https://github.com/mom-ocean/MOM6/search?q=mom6"", ""&mom6"")","=HYPERLINK(""https://github.com/mom-ocean/MOM6/search?q=resoln_n2_filter_depth"", ""resoln_n2_filter_depth"")",,-1.0,-1.0,-1.0
*,"=HYPERLINK(""https://github.com/mom-ocean/MOM6/search?q=mom6"", ""&mom6"")","=HYPERLINK(""https://github.com/mom-ocean/MOM6/search?q=restore_flux_rho"", ""restore_flux_rho"")",1035.0,,,
*,"=HYPERLINK(""https://github.com/mom-ocean/MOM6/search?q=mom6"", ""&mom6"")","=HYPERLINK(""https://github.com/mom-ocean/MOM6/search?q=salt_restore_file"", ""salt_restore_file"")",salt_restore.v20140616.nc,salt_sfc_restore.nc,salt_sfc_restore.nc,salt_sfc_restore.nc
*,"=HYPERLINK(""https://github.com/mom-ocean/MOM6/search?q=mom6"", ""&mom6"")","=HYPERLINK(""https://github.com/mom-ocean/MOM6/search?q=salt_restore_practical_salinity"", ""salt_restore_practical_salinity"")",False,,,
*,"=HYPERLINK(""https://github.com/mom-ocean/MOM6/search?q=mom6"", ""&mom6"")","=HYPERLINK(""https://github.com/mom-ocean/MOM6/search?q=salt_restore_variable"", ""salt_restore_variable"")",salt,asalt,asalt,asalt
*,"=HYPERLINK(""https://github.com/mom-ocean/MOM6/search?q=mom6"", ""&mom6"")","=HYPERLINK(""https://github.com/mom-ocean/MOM6/search?q=salt_z_init_file"", ""salt_z_init_file"")",WOA05_pottemp_salt.nc,woa23_ts_01_mom.nc,woa23_ts_01_mom.nc,woa23_ts_01_mom.nc
*,"=HYPERLINK(""https://github.com/mom-ocean/MOM6/search?q=mom6"", ""&mom6"")","=HYPERLINK(""https://github.com/mom-ocean/MOM6/search?q=save_initial_conds"", ""save_initial_conds"")",False,True,True,True
*,"=HYPERLINK(""https://github.com/mom-ocean/MOM6/search?q=mom6"", ""&mom6"")","=HYPERLINK(""https://github.com/mom-ocean/MOM6/search?q=set_diff_answer_date"", ""set_diff_answer_date"")",20231231,99991231,99991231,99991231
*,"=HYPERLINK(""https://github.com/mom-ocean/MOM6/search?q=mom6"", ""&mom6"")","=HYPERLINK(""https://github.com/mom-ocean/MOM6/search?q=set_visc_answer_date"", ""set_visc_answer_date"")",20231231,99991231,99991231,99991231
*,"=HYPERLINK(""https://github.com/mom-ocean/MOM6/search?q=mom6"", ""&mom6"")","=HYPERLINK(""https://github.com/mom-ocean/MOM6/search?q=shallow_ale_resolution"", ""shallow_ale_resolution"")","[0.0, 0.0, 0.0, 0.0, 0.0, 0.0, 0.0, 0.0, 0.0, 0.0, 0.0, 0.0, 0.0, 0.0, 0.0, 0.0, 0.0, 0.0, 0.0, 0.0, 0.0, 0.0, 0.0, 0.0, 0.0, 0.0, 0.0, 0.0, 0.0, 0.0, 0.0, 0.0, 0.0, 0.0, 0.0, 0.0, 0.0, 0.0, 0.0, 0.0, 0.0, 0.0, 0.0, 0.0, 0.0, 0.0, 0.0, 0.0, 0.0, 0.0, 0.0, 0.0, 0.0, 0.0, 0.0, 0.0, 0.0, 0.0, 0.0, 0.0, 0.0, 0.0, 0.0, 0.0, 0.0, 0.0, 0.0, 0.0, 0.0, 0.0, 0.0, 0.0, 0.0, 0.0, 0.0]",,,
*,"=HYPERLINK(""https://github.com/mom-ocean/MOM6/search?q=mom6"", ""&mom6"")","=HYPERLINK(""https://github.com/mom-ocean/MOM6/search?q=surface_answer_date"", ""surface_answer_date"")",20231231,99991231,99991231,99991231
*,"=HYPERLINK(""https://github.com/mom-ocean/MOM6/search?q=mom6"", ""&mom6"")","=HYPERLINK(""https://github.com/mom-ocean/MOM6/search?q=surface_forcing_answer_date"", ""surface_forcing_answer_date"")",20231231,,,
*,"=HYPERLINK(""https://github.com/mom-ocean/MOM6/search?q=mom6"", ""&mom6"")","=HYPERLINK(""https://github.com/mom-ocean/MOM6/search?q=temp_salt_init_vertical_remap_only"", ""temp_salt_init_vertical_remap_only"")",False,True,True,True
*,"=HYPERLINK(""https://github.com/mom-ocean/MOM6/search?q=mom6"", ""&mom6"")","=HYPERLINK(""https://github.com/mom-ocean/MOM6/search?q=temp_salt_z_init_file"", ""temp_salt_z_init_file"")",WOA05_pottemp_salt.nc,woa23_ts_01_mom.nc,woa23_ts_01_mom.nc,woa23_ts_01_mom.nc
*,"=HYPERLINK(""https://github.com/mom-ocean/MOM6/search?q=mom6"", ""&mom6"")","=HYPERLINK(""https://github.com/mom-ocean/MOM6/search?q=temp_z_init_file"", ""temp_z_init_file"")",WOA05_pottemp_salt.nc,woa23_ts_01_mom.nc,woa23_ts_01_mom.nc,woa23_ts_01_mom.nc
*,"=HYPERLINK(""https://github.com/mom-ocean/MOM6/search?q=mom6"", ""&mom6"")","=HYPERLINK(""https://github.com/mom-ocean/MOM6/search?q=thermo_spans_coupling"", ""thermo_spans_coupling"")",True,False,False,True
*,"=HYPERLINK(""https://github.com/mom-ocean/MOM6/search?q=mom6"", ""&mom6"")","=HYPERLINK(""https://github.com/mom-ocean/MOM6/search?q=tidal_mixing_answer_date"", ""tidal_mixing_answer_date"")",20231231,99991231,99991231,99991231
*,"=HYPERLINK(""https://github.com/mom-ocean/MOM6/search?q=mom6"", ""&mom6"")","=HYPERLINK(""https://github.com/mom-ocean/MOM6/search?q=tideamp_file"", ""tideamp_file"")",tidal_amplitude.v20140616.nc,tideamp.nc,tideamp.nc,tideamp.nc
*,"=HYPERLINK(""https://github.com/mom-ocean/MOM6/search?q=mom6"", ""&mom6"")","=HYPERLINK(""https://github.com/mom-ocean/MOM6/search?q=tke_tidal_rho"", ""tke_tidal_rho"")",1035.0,,,
*,"=HYPERLINK(""https://github.com/mom-ocean/MOM6/search?q=mom6"", ""&mom6"")","=HYPERLINK(""https://github.com/mom-ocean/MOM6/search?q=topo_file"", ""topo_file"")",ocean_topog.nc,topog.nc,topog.nc,topog.nc
*,"=HYPERLINK(""https://github.com/mom-ocean/MOM6/search?q=mom6"", ""&mom6"")","=HYPERLINK(""https://github.com/mom-ocean/MOM6/search?q=tradv_spans_coupling"", ""tradv_spans_coupling"")",True,False,False,True
*,"=HYPERLINK(""https://github.com/mom-ocean/MOM6/search?q=mom6"", ""&mom6"")","=HYPERLINK(""https://github.com/mom-ocean/MOM6/search?q=tripolar_n"", ""tripolar_n"")",False,True,True,True
*,"=HYPERLINK(""https://github.com/mom-ocean/MOM6/search?q=mom6"", ""&mom6"")","=HYPERLINK(""https://github.com/mom-ocean/MOM6/search?q=use_calving_heat_content"", ""use_calving_heat_content"")",False,True,True,True
*,"=HYPERLINK(""https://github.com/mom-ocean/MOM6/search?q=mom6"", ""&mom6"")","=HYPERLINK(""https://github.com/mom-ocean/MOM6/search?q=use_circulation_in_horvisc"", ""use_circulation_in_horvisc"")",False,,,
*,"=HYPERLINK(""https://github.com/mom-ocean/MOM6/search?q=mom6"", ""&mom6"")","=HYPERLINK(""https://github.com/mom-ocean/MOM6/search?q=use_diabatic_time_bug"", ""use_diabatic_time_bug"")",,False,False,False
*,"=HYPERLINK(""https://github.com/mom-ocean/MOM6/search?q=mom6"", ""&mom6"")","=HYPERLINK(""https://github.com/mom-ocean/MOM6/search?q=use_ha"", ""use_ha"")",False,,,
*,"=HYPERLINK(""https://github.com/mom-ocean/MOM6/search?q=mom6"", ""&mom6"")","=HYPERLINK(""https://github.com/mom-ocean/MOM6/search?q=use_land_mask_for_hvisc"", ""use_land_mask_for_hvisc"")",False,True,True,True
*,"=HYPERLINK(""https://github.com/mom-ocean/MOM6/search?q=mom6"", ""&mom6"")","=HYPERLINK(""https://github.com/mom-ocean/MOM6/search?q=use_neutral_diffusion"", ""use_neutral_diffusion"")",False,True,True,True
*,"=HYPERLINK(""https://github.com/mom-ocean/MOM6/search?q=mom6"", ""&mom6"")","=HYPERLINK(""https://github.com/mom-ocean/MOM6/search?q=use_psurf_in_eos"", ""use_psurf_in_eos"")",False,True,True,True
*,"=HYPERLINK(""https://github.com/mom-ocean/MOM6/search?q=mom6"", ""&mom6"")","=HYPERLINK(""https://github.com/mom-ocean/MOM6/search?q=use_river_heat_content"", ""use_river_heat_content"")",False,True,True,True
*,"=HYPERLINK(""https://github.com/mom-ocean/MOM6/search?q=mom6"", ""&mom6"")","=HYPERLINK(""https://github.com/mom-ocean/MOM6/search?q=var_pen_sw"", ""var_pen_sw"")",True,False,False,False
*,"=HYPERLINK(""https://github.com/mom-ocean/MOM6/search?q=mom6"", ""&mom6"")","=HYPERLINK(""https://github.com/mom-ocean/MOM6/search?q=velocity_tolerance"", ""velocity_tolerance"")",300000000.0,0.0001,0.0001,0.0001
*,"=HYPERLINK(""https://github.com/mom-ocean/MOM6/search?q=mom6"", ""&mom6"")","=HYPERLINK(""https://github.com/mom-ocean/MOM6/search?q=vert_friction_answer_date"", ""vert_friction_answer_date"")",20231231,99991231,99991231,99991231
*,"=HYPERLINK(""https://github.com/mom-ocean/MOM6/search?q=mom6"", ""&mom6"")","=HYPERLINK(""https://github.com/mom-ocean/MOM6/search?q=vertex_shear_geometric_mean"", ""vertex_shear_geometric_mean"")",True,False,False,False
*,"=HYPERLINK(""https://github.com/mom-ocean/MOM6/search?q=mom6"", ""&mom6"")","=HYPERLINK(""https://github.com/mom-ocean/MOM6/search?q=vertex_shear_geometric_mean_kdmin"", ""vertex_shear_geometric_mean_kdmin"")",1e-09,,,
*,"=HYPERLINK(""https://github.com/mom-ocean/MOM6/search?q=mom6"", ""&mom6"")","=HYPERLINK(""https://github.com/mom-ocean/MOM6/search?q=vertex_shear_viscosity_bug"", ""vertex_shear_viscosity_bug"")",False,True,True,True
*,"=HYPERLINK(""https://github.com/mom-ocean/MOM6/search?q=mom6"", ""&mom6"")","=HYPERLINK(""https://github.com/mom-ocean/MOM6/search?q=visc_rem_bt_weight_bug"", ""visc_rem_bt_weight_bug"")",True,False,False,False
*,"=HYPERLINK(""https://github.com/mom-ocean/MOM6/search?q=mom6"", ""&mom6"")","=HYPERLINK(""https://github.com/mom-ocean/MOM6/search?q=visc_rem_bug"", ""visc_rem_bug"")",True,False,False,False
*,"=HYPERLINK(""https://github.com/mom-ocean/MOM6/search?q=mom6"", ""&mom6"")","=HYPERLINK(""https://github.com/mom-ocean/MOM6/search?q=visc_rem_timestep_bug"", ""visc_rem_timestep_bug"")",True,False,False,False
*,"=HYPERLINK(""https://github.com/mom-ocean/MOM6/search?q=mom6"", ""&mom6"")","=HYPERLINK(""https://github.com/mom-ocean/MOM6/search?q=visc_res_fn_power"", ""visc_res_fn_power"")",2,100,100,100
*,"=HYPERLINK(""https://github.com/mom-ocean/MOM6/search?q=mom6"", ""&mom6"")","=HYPERLINK(""https://github.com/mom-ocean/MOM6/search?q=wind_stagger"", ""wind_stagger"")",C,A,A,A
*,"=HYPERLINK(""https://github.com/mom-ocean/MOM6/search?q=mom6"", ""&mom6"")","=HYPERLINK(""https://github.com/mom-ocean/MOM6/search?q=write_geom"", ""write_geom"")",0,2,2,2
*,"=HYPERLINK(""https://github.com/mom-ocean/MOM6/search?q=mom6"", ""&mom6"")","=HYPERLINK(""https://github.com/mom-ocean/MOM6/search?q=z_init_file_ptemp_var"", ""z_init_file_ptemp_var"")",PTEMP,ptemp,ptemp,ptemp
*,"=HYPERLINK(""https://github.com/mom-ocean/MOM6/search?q=mom6"", ""&mom6"")","=HYPERLINK(""https://github.com/mom-ocean/MOM6/search?q=z_init_file_salt_var"", ""z_init_file_salt_var"")",SALT,salt,salt,salt
*,"=HYPERLINK(""https://github.com/mom-ocean/MOM6/search?q=mom6"", ""&mom6"")","=HYPERLINK(""https://github.com/mom-ocean/MOM6/search?q=z_init_remapping_use_om4_subcells"", ""z_init_remapping_use_om4_subcells"")",True,False,False,False
