diff,group,variable,MOM6-CICE6-WW3_1deg_jra55do_ryf/MOM_input,MOM6-CICE6-WW3_gmom_jra_wd/MOM_input
,"=HYPERLINK(""https://github.com/mom-ocean/MOM6/search?q=mom6"", ""&mom6"")","=HYPERLINK(""https://github.com/mom-ocean/MOM6/search?q=adjust_net_fresh_water_to_zero"", ""adjust_net_fresh_water_to_zero"")",True,True
*,"=HYPERLINK(""https://github.com/mom-ocean/MOM6/search?q=mom6"", ""&mom6"")","=HYPERLINK(""https://github.com/mom-ocean/MOM6/search?q=adjust_net_srestore_to_zero"", ""adjust_net_srestore_to_zero"")",True,
,"=HYPERLINK(""https://github.com/mom-ocean/MOM6/search?q=mom6"", ""&mom6"")","=HYPERLINK(""https://github.com/mom-ocean/MOM6/search?q=ah"", ""ah"")",1000000000000.0,1000000000000.0
,"=HYPERLINK(""https://github.com/mom-ocean/MOM6/search?q=mom6"", ""&mom6"")","=HYPERLINK(""https://github.com/mom-ocean/MOM6/search?q=ah_vel_scale"", ""ah_vel_scale"")",0.0,0.0
*,"=HYPERLINK(""https://github.com/mom-ocean/MOM6/search?q=mom6"", ""&mom6"")","=HYPERLINK(""https://github.com/mom-ocean/MOM6/search?q=ale_coordinate_config"", ""ale_coordinate_config"")","FILE:ocean_vgrid.nc,interfaces=zeta","FILE:ocean_vgrid.nc,dz"
*,"=HYPERLINK(""https://github.com/mom-ocean/MOM6/search?q=mom6"", ""&mom6"")","=HYPERLINK(""https://github.com/mom-ocean/MOM6/search?q=bad_val_column_thickness"", ""bad_val_column_thickness"")",0.0,
*,"=HYPERLINK(""https://github.com/mom-ocean/MOM6/search?q=mom6"", ""&mom6"")","=HYPERLINK(""https://github.com/mom-ocean/MOM6/search?q=bad_val_ssh_max"", ""bad_val_ssh_max"")",50.0,
*,"=HYPERLINK(""https://github.com/mom-ocean/MOM6/search?q=mom6"", ""&mom6"")","=HYPERLINK(""https://github.com/mom-ocean/MOM6/search?q=bad_val_sss_max"", ""bad_val_sss_max"")",75.0,
*,"=HYPERLINK(""https://github.com/mom-ocean/MOM6/search?q=mom6"", ""&mom6"")","=HYPERLINK(""https://github.com/mom-ocean/MOM6/search?q=bad_val_sst_max"", ""bad_val_sst_max"")",55.0,
*,"=HYPERLINK(""https://github.com/mom-ocean/MOM6/search?q=mom6"", ""&mom6"")","=HYPERLINK(""https://github.com/mom-ocean/MOM6/search?q=bad_val_sst_min"", ""bad_val_sst_min"")",-3.0,
,"=HYPERLINK(""https://github.com/mom-ocean/MOM6/search?q=mom6"", ""&mom6"")","=HYPERLINK(""https://github.com/mom-ocean/MOM6/search?q=bbl_mixing_as_max"", ""bbl_mixing_as_max"")",False,False
,"=HYPERLINK(""https://github.com/mom-ocean/MOM6/search?q=mom6"", ""&mom6"")","=HYPERLINK(""https://github.com/mom-ocean/MOM6/search?q=bbl_thick_min"", ""bbl_thick_min"")",0.1,0.1
,"=HYPERLINK(""https://github.com/mom-ocean/MOM6/search?q=mom6"", ""&mom6"")","=HYPERLINK(""https://github.com/mom-ocean/MOM6/search?q=bbl_use_eos"", ""bbl_use_eos"")",True,True
,"=HYPERLINK(""https://github.com/mom-ocean/MOM6/search?q=mom6"", ""&mom6"")","=HYPERLINK(""https://github.com/mom-ocean/MOM6/search?q=bebt"", ""bebt"")",0.2,0.2
,"=HYPERLINK(""https://github.com/mom-ocean/MOM6/search?q=mom6"", ""&mom6"")","=HYPERLINK(""https://github.com/mom-ocean/MOM6/search?q=bound_bt_correction"", ""bound_bt_correction"")",True,True
,"=HYPERLINK(""https://github.com/mom-ocean/MOM6/search?q=mom6"", ""&mom6"")","=HYPERLINK(""https://github.com/mom-ocean/MOM6/search?q=bound_coriolis"", ""bound_coriolis"")",True,True
,"=HYPERLINK(""https://github.com/mom-ocean/MOM6/search?q=mom6"", ""&mom6"")","=HYPERLINK(""https://github.com/mom-ocean/MOM6/search?q=bound_salinity"", ""bound_salinity"")",True,True
,"=HYPERLINK(""https://github.com/mom-ocean/MOM6/search?q=mom6"", ""&mom6"")","=HYPERLINK(""https://github.com/mom-ocean/MOM6/search?q=bt_project_velocity"", ""bt_project_velocity"")",True,True
,"=HYPERLINK(""https://github.com/mom-ocean/MOM6/search?q=mom6"", ""&mom6"")","=HYPERLINK(""https://github.com/mom-ocean/MOM6/search?q=bt_thick_scheme"", ""bt_thick_scheme"")",FROM_BT_CONT,FROM_BT_CONT
,"=HYPERLINK(""https://github.com/mom-ocean/MOM6/search?q=mom6"", ""&mom6"")","=HYPERLINK(""https://github.com/mom-ocean/MOM6/search?q=c_p"", ""c_p"")",3992.0,3992.0
,"=HYPERLINK(""https://github.com/mom-ocean/MOM6/search?q=mom6"", ""&mom6"")","=HYPERLINK(""https://github.com/mom-ocean/MOM6/search?q=cfc_bc_file"", ""cfc_bc_file"")",cfc_atm_20230310.nc,cfc_atm_20230310.nc
,"=HYPERLINK(""https://github.com/mom-ocean/MOM6/search?q=mom6"", ""&mom6"")","=HYPERLINK(""https://github.com/mom-ocean/MOM6/search?q=cfl_truncate_ramp_time"", ""cfl_truncate_ramp_time"")",7200.0,7200.0
,"=HYPERLINK(""https://github.com/mom-ocean/MOM6/search?q=mom6"", ""&mom6"")","=HYPERLINK(""https://github.com/mom-ocean/MOM6/search?q=channel_config"", ""channel_config"")",global_1deg,global_1deg
,"=HYPERLINK(""https://github.com/mom-ocean/MOM6/search?q=mom6"", ""&mom6"")","=HYPERLINK(""https://github.com/mom-ocean/MOM6/search?q=channel_drag"", ""channel_drag"")",True,True
,"=HYPERLINK(""https://github.com/mom-ocean/MOM6/search?q=mom6"", ""&mom6"")","=HYPERLINK(""https://github.com/mom-ocean/MOM6/search?q=check_bad_surface_vals"", ""check_bad_surface_vals"")",True,True
,"=HYPERLINK(""https://github.com/mom-ocean/MOM6/search?q=mom6"", ""&mom6"")","=HYPERLINK(""https://github.com/mom-ocean/MOM6/search?q=check_diffusive_cfl"", ""check_diffusive_cfl"")",True,True
,"=HYPERLINK(""https://github.com/mom-ocean/MOM6/search?q=mom6"", ""&mom6"")","=HYPERLINK(""https://github.com/mom-ocean/MOM6/search?q=coord_config"", ""coord_config"")",none,none
,"=HYPERLINK(""https://github.com/mom-ocean/MOM6/search?q=mom6"", ""&mom6"")","=HYPERLINK(""https://github.com/mom-ocean/MOM6/search?q=debug"", ""debug"")",False,False
,"=HYPERLINK(""https://github.com/mom-ocean/MOM6/search?q=mom6"", ""&mom6"")","=HYPERLINK(""https://github.com/mom-ocean/MOM6/search?q=default_2018_answers"", ""default_2018_answers"")",False,False
,"=HYPERLINK(""https://github.com/mom-ocean/MOM6/search?q=mom6"", ""&mom6"")","=HYPERLINK(""https://github.com/mom-ocean/MOM6/search?q=depth_scaled_khth"", ""depth_scaled_khth"")",False,False
,"=HYPERLINK(""https://github.com/mom-ocean/MOM6/search?q=mom6"", ""&mom6"")","=HYPERLINK(""https://github.com/mom-ocean/MOM6/search?q=diabatic_first"", ""diabatic_first"")",True,True
*,"=HYPERLINK(""https://github.com/mom-ocean/MOM6/search?q=mom6"", ""&mom6"")","=HYPERLINK(""https://github.com/mom-ocean/MOM6/search?q=diag_coord_def_z"", ""diag_coord_def_z"")","FILE:ocean_vgrid.nc,interfaces=zeta",WOA09
,"=HYPERLINK(""https://github.com/mom-ocean/MOM6/search?q=mom6"", ""&mom6"")","=HYPERLINK(""https://github.com/mom-ocean/MOM6/search?q=drag_bg_vel"", ""drag_bg_vel"")",0.1,0.1
,"=HYPERLINK(""https://github.com/mom-ocean/MOM6/search?q=mom6"", ""&mom6"")","=HYPERLINK(""https://github.com/mom-ocean/MOM6/search?q=dt"", ""dt"")",1800.0,1800.0
,"=HYPERLINK(""https://github.com/mom-ocean/MOM6/search?q=mom6"", ""&mom6"")","=HYPERLINK(""https://github.com/mom-ocean/MOM6/search?q=dt_therm"", ""dt_therm"")",3600.0,3600.0
,"=HYPERLINK(""https://github.com/mom-ocean/MOM6/search?q=mom6"", ""&mom6"")","=HYPERLINK(""https://github.com/mom-ocean/MOM6/search?q=dtbt"", ""dtbt"")",-0.95,-0.95
,"=HYPERLINK(""https://github.com/mom-ocean/MOM6/search?q=mom6"", ""&mom6"")","=HYPERLINK(""https://github.com/mom-ocean/MOM6/search?q=dtbt_reset_period"", ""dtbt_reset_period"")",0.0,0.0
,"=HYPERLINK(""https://github.com/mom-ocean/MOM6/search?q=mom6"", ""&mom6"")","=HYPERLINK(""https://github.com/mom-ocean/MOM6/search?q=dtfreeze_dp"", ""dtfreeze_dp"")",-7.75e-08,-7.75e-08
,"=HYPERLINK(""https://github.com/mom-ocean/MOM6/search?q=mom6"", ""&mom6"")","=HYPERLINK(""https://github.com/mom-ocean/MOM6/search?q=energysavedays"", ""energysavedays"")",1.0,1.0
,"=HYPERLINK(""https://github.com/mom-ocean/MOM6/search?q=mom6"", ""&mom6"")","=HYPERLINK(""https://github.com/mom-ocean/MOM6/search?q=enthalpy_from_coupler"", ""enthalpy_from_coupler"")",True,True
*,"=HYPERLINK(""https://github.com/mom-ocean/MOM6/search?q=mom6"", ""&mom6"")","=HYPERLINK(""https://github.com/mom-ocean/MOM6/search?q=eps_omesh"", ""eps_omesh"")",1e-13,
*,"=HYPERLINK(""https://github.com/mom-ocean/MOM6/search?q=mom6"", ""&mom6"")","=HYPERLINK(""https://github.com/mom-ocean/MOM6/search?q=eqn_of_state"", ""eqn_of_state"")",WRIGHT,
,"=HYPERLINK(""https://github.com/mom-ocean/MOM6/search?q=mom6"", ""&mom6"")","=HYPERLINK(""https://github.com/mom-ocean/MOM6/search?q=eta_tolerance"", ""eta_tolerance"")",1e-06,1e-06
,"=HYPERLINK(""https://github.com/mom-ocean/MOM6/search?q=mom6"", ""&mom6"")","=HYPERLINK(""https://github.com/mom-ocean/MOM6/search?q=fgnv_c_min"", ""fgnv_c_min"")",0.01,0.01
,"=HYPERLINK(""https://github.com/mom-ocean/MOM6/search?q=mom6"", ""&mom6"")","=HYPERLINK(""https://github.com/mom-ocean/MOM6/search?q=fix_ustar_gustless_bug"", ""fix_ustar_gustless_bug"")",True,True
*,"=HYPERLINK(""https://github.com/mom-ocean/MOM6/search?q=mom6"", ""&mom6"")","=HYPERLINK(""https://github.com/mom-ocean/MOM6/search?q=fluxconst"", ""fluxconst"")",0.11,0.5
,"=HYPERLINK(""https://github.com/mom-ocean/MOM6/search?q=mom6"", ""&mom6"")","=HYPERLINK(""https://github.com/mom-ocean/MOM6/search?q=fox_kemper_ml_restrat_coef"", ""fox_kemper_ml_restrat_coef"")",1.0,1.0
,"=HYPERLINK(""https://github.com/mom-ocean/MOM6/search?q=mom6"", ""&mom6"")","=HYPERLINK(""https://github.com/mom-ocean/MOM6/search?q=frazil"", ""frazil"")",True,True
,"=HYPERLINK(""https://github.com/mom-ocean/MOM6/search?q=mom6"", ""&mom6"")","=HYPERLINK(""https://github.com/mom-ocean/MOM6/search?q=gill_equatorial_ld"", ""gill_equatorial_ld"")",True,True
,"=HYPERLINK(""https://github.com/mom-ocean/MOM6/search?q=mom6"", ""&mom6"")","=HYPERLINK(""https://github.com/mom-ocean/MOM6/search?q=grid_config"", ""grid_config"")",mosaic,mosaic
*,"=HYPERLINK(""https://github.com/mom-ocean/MOM6/search?q=mom6"", ""&mom6"")","=HYPERLINK(""https://github.com/mom-ocean/MOM6/search?q=grid_file"", ""grid_file"")",ocean_hgrid.nc,ocean_hgrid_230424.nc
,"=HYPERLINK(""https://github.com/mom-ocean/MOM6/search?q=mom6"", ""&mom6"")","=HYPERLINK(""https://github.com/mom-ocean/MOM6/search?q=grid_rotation_angle_bugs"", ""grid_rotation_angle_bugs"")",False,False
,"=HYPERLINK(""https://github.com/mom-ocean/MOM6/search?q=mom6"", ""&mom6"")","=HYPERLINK(""https://github.com/mom-ocean/MOM6/search?q=gust_const"", ""gust_const"")",0.02,0.02
,"=HYPERLINK(""https://github.com/mom-ocean/MOM6/search?q=mom6"", ""&mom6"")","=HYPERLINK(""https://github.com/mom-ocean/MOM6/search?q=hbbl"", ""hbbl"")",10.0,10.0
,"=HYPERLINK(""https://github.com/mom-ocean/MOM6/search?q=mom6"", ""&mom6"")","=HYPERLINK(""https://github.com/mom-ocean/MOM6/search?q=hbd_linear_transition"", ""hbd_linear_transition"")",True,True
,"=HYPERLINK(""https://github.com/mom-ocean/MOM6/search?q=mom6"", ""&mom6"")","=HYPERLINK(""https://github.com/mom-ocean/MOM6/search?q=hfreeze"", ""hfreeze"")",10.0,10.0
,"=HYPERLINK(""https://github.com/mom-ocean/MOM6/search?q=mom6"", ""&mom6"")","=HYPERLINK(""https://github.com/mom-ocean/MOM6/search?q=hmix_fixed"", ""hmix_fixed"")",0.5,0.5
,"=HYPERLINK(""https://github.com/mom-ocean/MOM6/search?q=mom6"", ""&mom6"")","=HYPERLINK(""https://github.com/mom-ocean/MOM6/search?q=hmix_min"", ""hmix_min"")",2.0,2.0
,"=HYPERLINK(""https://github.com/mom-ocean/MOM6/search?q=mom6"", ""&mom6"")","=HYPERLINK(""https://github.com/mom-ocean/MOM6/search?q=horiz_varying_background"", ""horiz_varying_background"")",True,True
,"=HYPERLINK(""https://github.com/mom-ocean/MOM6/search?q=mom6"", ""&mom6"")","=HYPERLINK(""https://github.com/mom-ocean/MOM6/search?q=init_layers_from_z_file"", ""init_layers_from_z_file"")",True,True
,"=HYPERLINK(""https://github.com/mom-ocean/MOM6/search?q=mom6"", ""&mom6"")","=HYPERLINK(""https://github.com/mom-ocean/MOM6/search?q=inputdir"", ""inputdir"")",./input/,./input/
,"=HYPERLINK(""https://github.com/mom-ocean/MOM6/search?q=mom6"", ""&mom6"")","=HYPERLINK(""https://github.com/mom-ocean/MOM6/search?q=int_tide_decay_scale"", ""int_tide_decay_scale"")",300.3003003003003,300.3003003003003
,"=HYPERLINK(""https://github.com/mom-ocean/MOM6/search?q=mom6"", ""&mom6"")","=HYPERLINK(""https://github.com/mom-ocean/MOM6/search?q=interp_type2"", ""interp_type2"")",LMD94,LMD94
,"=HYPERLINK(""https://github.com/mom-ocean/MOM6/search?q=mom6"", ""&mom6"")","=HYPERLINK(""https://github.com/mom-ocean/MOM6/search?q=interpolate_res_fn"", ""interpolate_res_fn"")",False,False
,"=HYPERLINK(""https://github.com/mom-ocean/MOM6/search?q=mom6"", ""&mom6"")","=HYPERLINK(""https://github.com/mom-ocean/MOM6/search?q=kappa_shear_all_layer_tke_bug"", ""kappa_shear_all_layer_tke_bug"")",False,False
,"=HYPERLINK(""https://github.com/mom-ocean/MOM6/search?q=mom6"", ""&mom6"")","=HYPERLINK(""https://github.com/mom-ocean/MOM6/search?q=kappa_shear_iter_bug"", ""kappa_shear_iter_bug"")",False,False
,"=HYPERLINK(""https://github.com/mom-ocean/MOM6/search?q=mom6"", ""&mom6"")","=HYPERLINK(""https://github.com/mom-ocean/MOM6/search?q=kd"", ""kd"")",2e-05,2e-05
,"=HYPERLINK(""https://github.com/mom-ocean/MOM6/search?q=mom6"", ""&mom6"")","=HYPERLINK(""https://github.com/mom-ocean/MOM6/search?q=kd_max"", ""kd_max"")",0.1,0.1
,"=HYPERLINK(""https://github.com/mom-ocean/MOM6/search?q=mom6"", ""&mom6"")","=HYPERLINK(""https://github.com/mom-ocean/MOM6/search?q=kd_min"", ""kd_min"")",2e-06,2e-06
,"=HYPERLINK(""https://github.com/mom-ocean/MOM6/search?q=mom6"", ""&mom6"")","=HYPERLINK(""https://github.com/mom-ocean/MOM6/search?q=kdml"", ""kdml"")",0.0,0.0
,"=HYPERLINK(""https://github.com/mom-ocean/MOM6/search?q=mom6"", ""&mom6"")","=HYPERLINK(""https://github.com/mom-ocean/MOM6/search?q=kh_res_scale_coef"", ""kh_res_scale_coef"")",0.4,0.4
,"=HYPERLINK(""https://github.com/mom-ocean/MOM6/search?q=mom6"", ""&mom6"")","=HYPERLINK(""https://github.com/mom-ocean/MOM6/search?q=kh_vel_scale"", ""kh_vel_scale"")",0.0,0.0
,"=HYPERLINK(""https://github.com/mom-ocean/MOM6/search?q=mom6"", ""&mom6"")","=HYPERLINK(""https://github.com/mom-ocean/MOM6/search?q=khth"", ""khth"")",0.0,0.0
,"=HYPERLINK(""https://github.com/mom-ocean/MOM6/search?q=mom6"", ""&mom6"")","=HYPERLINK(""https://github.com/mom-ocean/MOM6/search?q=khth_max"", ""khth_max"")",0.0,0.0
,"=HYPERLINK(""https://github.com/mom-ocean/MOM6/search?q=mom6"", ""&mom6"")","=HYPERLINK(""https://github.com/mom-ocean/MOM6/search?q=khth_slope_cff"", ""khth_slope_cff"")",0.01,0.01
,"=HYPERLINK(""https://github.com/mom-ocean/MOM6/search?q=mom6"", ""&mom6"")","=HYPERLINK(""https://github.com/mom-ocean/MOM6/search?q=khth_use_ebt_struct"", ""khth_use_ebt_struct"")",True,True
,"=HYPERLINK(""https://github.com/mom-ocean/MOM6/search?q=mom6"", ""&mom6"")","=HYPERLINK(""https://github.com/mom-ocean/MOM6/search?q=khth_use_fgnv_streamfunction"", ""khth_use_fgnv_streamfunction"")",True,True
,"=HYPERLINK(""https://github.com/mom-ocean/MOM6/search?q=mom6"", ""&mom6"")","=HYPERLINK(""https://github.com/mom-ocean/MOM6/search?q=khtr_max"", ""khtr_max"")",0.0,0.0
,"=HYPERLINK(""https://github.com/mom-ocean/MOM6/search?q=mom6"", ""&mom6"")","=HYPERLINK(""https://github.com/mom-ocean/MOM6/search?q=khtr_min"", ""khtr_min"")",50.0,50.0
,"=HYPERLINK(""https://github.com/mom-ocean/MOM6/search?q=mom6"", ""&mom6"")","=HYPERLINK(""https://github.com/mom-ocean/MOM6/search?q=kpp_is_additive"", ""kpp_is_additive"")",False,False
,"=HYPERLINK(""https://github.com/mom-ocean/MOM6/search?q=mom6"", ""&mom6"")","=HYPERLINK(""https://github.com/mom-ocean/MOM6/search?q=kpp_lt_k_method"", ""kpp_lt_k_method"")",VR12,VR12
,"=HYPERLINK(""https://github.com/mom-ocean/MOM6/search?q=mom6"", ""&mom6"")","=HYPERLINK(""https://github.com/mom-ocean/MOM6/search?q=kpp_lt_vt2_method"", ""kpp_lt_vt2_method"")",VR12,VR12
,"=HYPERLINK(""https://github.com/mom-ocean/MOM6/search?q=mom6"", ""&mom6"")","=HYPERLINK(""https://github.com/mom-ocean/MOM6/search?q=kv"", ""kv"")",0.0001,0.0001
,"=HYPERLINK(""https://github.com/mom-ocean/MOM6/search?q=mom6"", ""&mom6"")","=HYPERLINK(""https://github.com/mom-ocean/MOM6/search?q=laplacian"", ""laplacian"")",True,True
,"=HYPERLINK(""https://github.com/mom-ocean/MOM6/search?q=mom6"", ""&mom6"")","=HYPERLINK(""https://github.com/mom-ocean/MOM6/search?q=latent_heat_fusion"", ""latent_heat_fusion"")",333700.0,333700.0
,"=HYPERLINK(""https://github.com/mom-ocean/MOM6/search?q=mom6"", ""&mom6"")","=HYPERLINK(""https://github.com/mom-ocean/MOM6/search?q=latent_heat_vaporization"", ""latent_heat_vaporization"")",2501000.0,2501000.0
,"=HYPERLINK(""https://github.com/mom-ocean/MOM6/search?q=mom6"", ""&mom6"")","=HYPERLINK(""https://github.com/mom-ocean/MOM6/search?q=leith_ah"", ""leith_ah"")",True,True
,"=HYPERLINK(""https://github.com/mom-ocean/MOM6/search?q=mom6"", ""&mom6"")","=HYPERLINK(""https://github.com/mom-ocean/MOM6/search?q=leith_bi_const"", ""leith_bi_const"")",128.0,128.0
*,"=HYPERLINK(""https://github.com/mom-ocean/MOM6/search?q=mom6"", ""&mom6"")","=HYPERLINK(""https://github.com/mom-ocean/MOM6/search?q=mask_srestore_under_ice"", ""mask_srestore_under_ice"")",False,
,"=HYPERLINK(""https://github.com/mom-ocean/MOM6/search?q=mom6"", ""&mom6"")","=HYPERLINK(""https://github.com/mom-ocean/MOM6/search?q=mass_weight_in_pressure_gradient"", ""mass_weight_in_pressure_gradient"")",True,True
,"=HYPERLINK(""https://github.com/mom-ocean/MOM6/search?q=mom6"", ""&mom6"")","=HYPERLINK(""https://github.com/mom-ocean/MOM6/search?q=match_technique"", ""match_technique"")",MatchGradient,MatchGradient
,"=HYPERLINK(""https://github.com/mom-ocean/MOM6/search?q=mom6"", ""&mom6"")","=HYPERLINK(""https://github.com/mom-ocean/MOM6/search?q=max_ent_it"", ""max_ent_it"")",20,20
,"=HYPERLINK(""https://github.com/mom-ocean/MOM6/search?q=mom6"", ""&mom6"")","=HYPERLINK(""https://github.com/mom-ocean/MOM6/search?q=max_rino_it"", ""max_rino_it"")",25,25
,"=HYPERLINK(""https://github.com/mom-ocean/MOM6/search?q=mom6"", ""&mom6"")","=HYPERLINK(""https://github.com/mom-ocean/MOM6/search?q=max_tr_diffusion_cfl"", ""max_tr_diffusion_cfl"")",2.0,2.0
,"=HYPERLINK(""https://github.com/mom-ocean/MOM6/search?q=mom6"", ""&mom6"")","=HYPERLINK(""https://github.com/mom-ocean/MOM6/search?q=maximum_depth"", ""maximum_depth"")",6000.0,6000.0
,"=HYPERLINK(""https://github.com/mom-ocean/MOM6/search?q=mom6"", ""&mom6"")","=HYPERLINK(""https://github.com/mom-ocean/MOM6/search?q=maxtrunc"", ""maxtrunc"")",0,0
,"=HYPERLINK(""https://github.com/mom-ocean/MOM6/search?q=mom6"", ""&mom6"")","=HYPERLINK(""https://github.com/mom-ocean/MOM6/search?q=maxvel"", ""maxvel"")",6.0,6.0
,"=HYPERLINK(""https://github.com/mom-ocean/MOM6/search?q=mom6"", ""&mom6"")","=HYPERLINK(""https://github.com/mom-ocean/MOM6/search?q=meke_advection_factor"", ""meke_advection_factor"")",1.0,1.0
,"=HYPERLINK(""https://github.com/mom-ocean/MOM6/search?q=mom6"", ""&mom6"")","=HYPERLINK(""https://github.com/mom-ocean/MOM6/search?q=meke_alpha_deform"", ""meke_alpha_deform"")",1.0,1.0
,"=HYPERLINK(""https://github.com/mom-ocean/MOM6/search?q=mom6"", ""&mom6"")","=HYPERLINK(""https://github.com/mom-ocean/MOM6/search?q=meke_alpha_eady"", ""meke_alpha_eady"")",1.0,1.0
,"=HYPERLINK(""https://github.com/mom-ocean/MOM6/search?q=mom6"", ""&mom6"")","=HYPERLINK(""https://github.com/mom-ocean/MOM6/search?q=meke_alpha_frict"", ""meke_alpha_frict"")",1.0,1.0
,"=HYPERLINK(""https://github.com/mom-ocean/MOM6/search?q=mom6"", ""&mom6"")","=HYPERLINK(""https://github.com/mom-ocean/MOM6/search?q=meke_alpha_grid"", ""meke_alpha_grid"")",1.0,1.0
,"=HYPERLINK(""https://github.com/mom-ocean/MOM6/search?q=mom6"", ""&mom6"")","=HYPERLINK(""https://github.com/mom-ocean/MOM6/search?q=meke_alpha_rhines"", ""meke_alpha_rhines"")",1.0,1.0
,"=HYPERLINK(""https://github.com/mom-ocean/MOM6/search?q=mom6"", ""&mom6"")","=HYPERLINK(""https://github.com/mom-ocean/MOM6/search?q=meke_equilibrium_alt"", ""meke_equilibrium_alt"")",True,True
,"=HYPERLINK(""https://github.com/mom-ocean/MOM6/search?q=mom6"", ""&mom6"")","=HYPERLINK(""https://github.com/mom-ocean/MOM6/search?q=meke_equilibrium_restoring"", ""meke_equilibrium_restoring"")",True,True
,"=HYPERLINK(""https://github.com/mom-ocean/MOM6/search?q=mom6"", ""&mom6"")","=HYPERLINK(""https://github.com/mom-ocean/MOM6/search?q=meke_geometric"", ""meke_geometric"")",True,True
,"=HYPERLINK(""https://github.com/mom-ocean/MOM6/search?q=mom6"", ""&mom6"")","=HYPERLINK(""https://github.com/mom-ocean/MOM6/search?q=meke_gmcoeff"", ""meke_gmcoeff"")",0.0,0.0
,"=HYPERLINK(""https://github.com/mom-ocean/MOM6/search?q=mom6"", ""&mom6"")","=HYPERLINK(""https://github.com/mom-ocean/MOM6/search?q=meke_khmeke_fac"", ""meke_khmeke_fac"")",0.5,0.5
,"=HYPERLINK(""https://github.com/mom-ocean/MOM6/search?q=mom6"", ""&mom6"")","=HYPERLINK(""https://github.com/mom-ocean/MOM6/search?q=meke_khth_fac"", ""meke_khth_fac"")",1.0,1.0
,"=HYPERLINK(""https://github.com/mom-ocean/MOM6/search?q=mom6"", ""&mom6"")","=HYPERLINK(""https://github.com/mom-ocean/MOM6/search?q=meke_khtr_fac"", ""meke_khtr_fac"")",1.0,1.0
,"=HYPERLINK(""https://github.com/mom-ocean/MOM6/search?q=mom6"", ""&mom6"")","=HYPERLINK(""https://github.com/mom-ocean/MOM6/search?q=meke_min_lscale"", ""meke_min_lscale"")",True,True
,"=HYPERLINK(""https://github.com/mom-ocean/MOM6/search?q=mom6"", ""&mom6"")","=HYPERLINK(""https://github.com/mom-ocean/MOM6/search?q=meke_restoring_timescale"", ""meke_restoring_timescale"")",10000000.0,10000000.0
,"=HYPERLINK(""https://github.com/mom-ocean/MOM6/search?q=mom6"", ""&mom6"")","=HYPERLINK(""https://github.com/mom-ocean/MOM6/search?q=meke_visc_drag"", ""meke_visc_drag"")",False,False
,"=HYPERLINK(""https://github.com/mom-ocean/MOM6/search?q=mom6"", ""&mom6"")","=HYPERLINK(""https://github.com/mom-ocean/MOM6/search?q=meke_viscosity_coeff_ku"", ""meke_viscosity_coeff_ku"")",0.2,0.2
,"=HYPERLINK(""https://github.com/mom-ocean/MOM6/search?q=mom6"", ""&mom6"")","=HYPERLINK(""https://github.com/mom-ocean/MOM6/search?q=min_salinity"", ""min_salinity"")",0.0,0.0
,"=HYPERLINK(""https://github.com/mom-ocean/MOM6/search?q=mom6"", ""&mom6"")","=HYPERLINK(""https://github.com/mom-ocean/MOM6/search?q=minimum_depth"", ""minimum_depth"")",0.5,0.5
,"=HYPERLINK(""https://github.com/mom-ocean/MOM6/search?q=mom6"", ""&mom6"")","=HYPERLINK(""https://github.com/mom-ocean/MOM6/search?q=mixedlayer_restrat"", ""mixedlayer_restrat"")",True,True
,"=HYPERLINK(""https://github.com/mom-ocean/MOM6/search?q=mom6"", ""&mom6"")","=HYPERLINK(""https://github.com/mom-ocean/MOM6/search?q=mle_front_length"", ""mle_front_length"")",1000.0,1000.0
,"=HYPERLINK(""https://github.com/mom-ocean/MOM6/search?q=mom6"", ""&mom6"")","=HYPERLINK(""https://github.com/mom-ocean/MOM6/search?q=mle_mld_decay_time"", ""mle_mld_decay_time"")",345600.0,345600.0
,"=HYPERLINK(""https://github.com/mom-ocean/MOM6/search?q=mom6"", ""&mom6"")","=HYPERLINK(""https://github.com/mom-ocean/MOM6/search?q=n_smooth"", ""n_smooth"")",3,3
,"=HYPERLINK(""https://github.com/mom-ocean/MOM6/search?q=mom6"", ""&mom6"")","=HYPERLINK(""https://github.com/mom-ocean/MOM6/search?q=n_smooth_ri"", ""n_smooth_ri"")",1,1
,"=HYPERLINK(""https://github.com/mom-ocean/MOM6/search?q=mom6"", ""&mom6"")","=HYPERLINK(""https://github.com/mom-ocean/MOM6/search?q=ndiff_interior_only"", ""ndiff_interior_only"")",True,True
*,"=HYPERLINK(""https://github.com/mom-ocean/MOM6/search?q=mom6"", ""&mom6"")","=HYPERLINK(""https://github.com/mom-ocean/MOM6/search?q=niglobal"", ""niglobal"")",360,320
,"=HYPERLINK(""https://github.com/mom-ocean/MOM6/search?q=mom6"", ""&mom6"")","=HYPERLINK(""https://github.com/mom-ocean/MOM6/search?q=nihalo"", ""nihalo"")",4,4
*,"=HYPERLINK(""https://github.com/mom-ocean/MOM6/search?q=mom6"", ""&mom6"")","=HYPERLINK(""https://github.com/mom-ocean/MOM6/search?q=njglobal"", ""njglobal"")",300,384
,"=HYPERLINK(""https://github.com/mom-ocean/MOM6/search?q=mom6"", ""&mom6"")","=HYPERLINK(""https://github.com/mom-ocean/MOM6/search?q=njhalo"", ""njhalo"")",4,4
*,"=HYPERLINK(""https://github.com/mom-ocean/MOM6/search?q=mom6"", ""&mom6"")","=HYPERLINK(""https://github.com/mom-ocean/MOM6/search?q=nk"", ""nk"")",50,60
,"=HYPERLINK(""https://github.com/mom-ocean/MOM6/search?q=mom6"", ""&mom6"")","=HYPERLINK(""https://github.com/mom-ocean/MOM6/search?q=ocean_surface_stagger"", ""ocean_surface_stagger"")",A,A
,"=HYPERLINK(""https://github.com/mom-ocean/MOM6/search?q=mom6"", ""&mom6"")","=HYPERLINK(""https://github.com/mom-ocean/MOM6/search?q=pen_sw_frac"", ""pen_sw_frac"")",0.42,0.42
,"=HYPERLINK(""https://github.com/mom-ocean/MOM6/search?q=mom6"", ""&mom6"")","=HYPERLINK(""https://github.com/mom-ocean/MOM6/search?q=pen_sw_scale"", ""pen_sw_scale"")",15.0,15.0
,"=HYPERLINK(""https://github.com/mom-ocean/MOM6/search?q=mom6"", ""&mom6"")","=HYPERLINK(""https://github.com/mom-ocean/MOM6/search?q=prandtl_bkgnd"", ""prandtl_bkgnd"")",5.0,5.0
,"=HYPERLINK(""https://github.com/mom-ocean/MOM6/search?q=mom6"", ""&mom6"")","=HYPERLINK(""https://github.com/mom-ocean/MOM6/search?q=prandtl_turb"", ""prandtl_turb"")",1.0,1.0
,"=HYPERLINK(""https://github.com/mom-ocean/MOM6/search?q=mom6"", ""&mom6"")","=HYPERLINK(""https://github.com/mom-ocean/MOM6/search?q=pressure_dependent_frazil"", ""pressure_dependent_frazil"")",True,True
,"=HYPERLINK(""https://github.com/mom-ocean/MOM6/search?q=mom6"", ""&mom6"")","=HYPERLINK(""https://github.com/mom-ocean/MOM6/search?q=regridding_coordinate_mode"", ""regridding_coordinate_mode"")",ZSTAR,ZSTAR
,"=HYPERLINK(""https://github.com/mom-ocean/MOM6/search?q=mom6"", ""&mom6"")","=HYPERLINK(""https://github.com/mom-ocean/MOM6/search?q=remap_uv_using_old_alg"", ""remap_uv_using_old_alg"")",False,False
,"=HYPERLINK(""https://github.com/mom-ocean/MOM6/search?q=mom6"", ""&mom6"")","=HYPERLINK(""https://github.com/mom-ocean/MOM6/search?q=remapping_scheme"", ""remapping_scheme"")",PPM_H4,PPM_H4
,"=HYPERLINK(""https://github.com/mom-ocean/MOM6/search?q=mom6"", ""&mom6"")","=HYPERLINK(""https://github.com/mom-ocean/MOM6/search?q=resoln_scaled_kh"", ""resoln_scaled_kh"")",True,True
,"=HYPERLINK(""https://github.com/mom-ocean/MOM6/search?q=mom6"", ""&mom6"")","=HYPERLINK(""https://github.com/mom-ocean/MOM6/search?q=resoln_scaled_khth"", ""resoln_scaled_khth"")",True,True
,"=HYPERLINK(""https://github.com/mom-ocean/MOM6/search?q=mom6"", ""&mom6"")","=HYPERLINK(""https://github.com/mom-ocean/MOM6/search?q=restart_control"", ""restart_control"")",3,3
*,"=HYPERLINK(""https://github.com/mom-ocean/MOM6/search?q=mom6"", ""&mom6"")","=HYPERLINK(""https://github.com/mom-ocean/MOM6/search?q=restore_salinity"", ""restore_salinity"")",True,False
*,"=HYPERLINK(""https://github.com/mom-ocean/MOM6/search?q=mom6"", ""&mom6"")","=HYPERLINK(""https://github.com/mom-ocean/MOM6/search?q=salt_restore_file"", ""salt_restore_file"")",salt_sfc_restore.nc,
,"=HYPERLINK(""https://github.com/mom-ocean/MOM6/search?q=mom6"", ""&mom6"")","=HYPERLINK(""https://github.com/mom-ocean/MOM6/search?q=save_initial_conds"", ""save_initial_conds"")",True,True
,"=HYPERLINK(""https://github.com/mom-ocean/MOM6/search?q=mom6"", ""&mom6"")","=HYPERLINK(""https://github.com/mom-ocean/MOM6/search?q=simple_tke_to_kd"", ""simple_tke_to_kd"")",True,True
,"=HYPERLINK(""https://github.com/mom-ocean/MOM6/search?q=mom6"", ""&mom6"")","=HYPERLINK(""https://github.com/mom-ocean/MOM6/search?q=smag_bi_const"", ""smag_bi_const"")",0.06,0.06
*,"=HYPERLINK(""https://github.com/mom-ocean/MOM6/search?q=mom6"", ""&mom6"")","=HYPERLINK(""https://github.com/mom-ocean/MOM6/search?q=srestore_as_sflux"", ""srestore_as_sflux"")",True,
*,"=HYPERLINK(""https://github.com/mom-ocean/MOM6/search?q=mom6"", ""&mom6"")","=HYPERLINK(""https://github.com/mom-ocean/MOM6/search?q=temp_salt_init_vertical_remap_only"", ""temp_salt_init_vertical_remap_only"")",True,
*,"=HYPERLINK(""https://github.com/mom-ocean/MOM6/search?q=mom6"", ""&mom6"")","=HYPERLINK(""https://github.com/mom-ocean/MOM6/search?q=temp_salt_z_init_file"", ""temp_salt_z_init_file"")",ocean_temp_salt.res.nc,WOA05_pottemp_salt.nc
,"=HYPERLINK(""https://github.com/mom-ocean/MOM6/search?q=mom6"", ""&mom6"")","=HYPERLINK(""https://github.com/mom-ocean/MOM6/search?q=thicknessdiffuse"", ""thicknessdiffuse"")",True,True
,"=HYPERLINK(""https://github.com/mom-ocean/MOM6/search?q=mom6"", ""&mom6"")","=HYPERLINK(""https://github.com/mom-ocean/MOM6/search?q=thicknessdiffuse_first"", ""thicknessdiffuse_first"")",True,True
,"=HYPERLINK(""https://github.com/mom-ocean/MOM6/search?q=mom6"", ""&mom6"")","=HYPERLINK(""https://github.com/mom-ocean/MOM6/search?q=tide_m2"", ""tide_m2"")",True,True
,"=HYPERLINK(""https://github.com/mom-ocean/MOM6/search?q=mom6"", ""&mom6"")","=HYPERLINK(""https://github.com/mom-ocean/MOM6/search?q=tide_sal_scalar_value"", ""tide_sal_scalar_value"")",0.094,0.094
,"=HYPERLINK(""https://github.com/mom-ocean/MOM6/search?q=mom6"", ""&mom6"")","=HYPERLINK(""https://github.com/mom-ocean/MOM6/search?q=tides"", ""tides"")",True,True
,"=HYPERLINK(""https://github.com/mom-ocean/MOM6/search?q=mom6"", ""&mom6"")","=HYPERLINK(""https://github.com/mom-ocean/MOM6/search?q=tolerance_ent"", ""tolerance_ent"")",1e-05,1e-05
,"=HYPERLINK(""https://github.com/mom-ocean/MOM6/search?q=mom6"", ""&mom6"")","=HYPERLINK(""https://github.com/mom-ocean/MOM6/search?q=topo_config"", ""topo_config"")",file,file
*,"=HYPERLINK(""https://github.com/mom-ocean/MOM6/search?q=mom6"", ""&mom6"")","=HYPERLINK(""https://github.com/mom-ocean/MOM6/search?q=topo_file"", ""topo_file"")",topog.nc,ocean_topog_230424.nc
,"=HYPERLINK(""https://github.com/mom-ocean/MOM6/search?q=mom6"", ""&mom6"")","=HYPERLINK(""https://github.com/mom-ocean/MOM6/search?q=tracer_advection_scheme"", ""tracer_advection_scheme"")",PPM:H3,PPM:H3
*,"=HYPERLINK(""https://github.com/mom-ocean/MOM6/search?q=mom6"", ""&mom6"")","=HYPERLINK(""https://github.com/mom-ocean/MOM6/search?q=tripolar_n"", ""tripolar_n"")",True,False
,"=HYPERLINK(""https://github.com/mom-ocean/MOM6/search?q=mom6"", ""&mom6"")","=HYPERLINK(""https://github.com/mom-ocean/MOM6/search?q=u_trunc_file"", ""u_trunc_file"")",U_velocity_truncations,U_velocity_truncations
,"=HYPERLINK(""https://github.com/mom-ocean/MOM6/search?q=mom6"", ""&mom6"")","=HYPERLINK(""https://github.com/mom-ocean/MOM6/search?q=use_cfc_cap"", ""use_cfc_cap"")",False,False
*,"=HYPERLINK(""https://github.com/mom-ocean/MOM6/search?q=mom6"", ""&mom6"")","=HYPERLINK(""https://github.com/mom-ocean/MOM6/search?q=use_contemp_abssal"", ""use_contemp_abssal"")",False,
,"=HYPERLINK(""https://github.com/mom-ocean/MOM6/search?q=mom6"", ""&mom6"")","=HYPERLINK(""https://github.com/mom-ocean/MOM6/search?q=use_cvmix_convection"", ""use_cvmix_convection"")",True,True
,"=HYPERLINK(""https://github.com/mom-ocean/MOM6/search?q=mom6"", ""&mom6"")","=HYPERLINK(""https://github.com/mom-ocean/MOM6/search?q=use_cvmix_ddiff"", ""use_cvmix_ddiff"")",True,True
,"=HYPERLINK(""https://github.com/mom-ocean/MOM6/search?q=mom6"", ""&mom6"")","=HYPERLINK(""https://github.com/mom-ocean/MOM6/search?q=use_gm_work_bug"", ""use_gm_work_bug"")",False,False
,"=HYPERLINK(""https://github.com/mom-ocean/MOM6/search?q=mom6"", ""&mom6"")","=HYPERLINK(""https://github.com/mom-ocean/MOM6/search?q=use_horizontal_boundary_diffusion"", ""use_horizontal_boundary_diffusion"")",True,True
,"=HYPERLINK(""https://github.com/mom-ocean/MOM6/search?q=mom6"", ""&mom6"")","=HYPERLINK(""https://github.com/mom-ocean/MOM6/search?q=use_ideal_age_tracer"", ""use_ideal_age_tracer"")",True,True
,"=HYPERLINK(""https://github.com/mom-ocean/MOM6/search?q=mom6"", ""&mom6"")","=HYPERLINK(""https://github.com/mom-ocean/MOM6/search?q=use_kh_in_meke"", ""use_kh_in_meke"")",True,True
,"=HYPERLINK(""https://github.com/mom-ocean/MOM6/search?q=mom6"", ""&mom6"")","=HYPERLINK(""https://github.com/mom-ocean/MOM6/search?q=use_kpp"", ""use_kpp"")",True,True
,"=HYPERLINK(""https://github.com/mom-ocean/MOM6/search?q=mom6"", ""&mom6"")","=HYPERLINK(""https://github.com/mom-ocean/MOM6/search?q=use_kpp_lt_k"", ""use_kpp_lt_k"")",True,True
,"=HYPERLINK(""https://github.com/mom-ocean/MOM6/search?q=mom6"", ""&mom6"")","=HYPERLINK(""https://github.com/mom-ocean/MOM6/search?q=use_kpp_lt_vt2"", ""use_kpp_lt_vt2"")",True,True
,"=HYPERLINK(""https://github.com/mom-ocean/MOM6/search?q=mom6"", ""&mom6"")","=HYPERLINK(""https://github.com/mom-ocean/MOM6/search?q=use_land_mask_for_hvisc"", ""use_land_mask_for_hvisc"")",True,True
,"=HYPERLINK(""https://github.com/mom-ocean/MOM6/search?q=mom6"", ""&mom6"")","=HYPERLINK(""https://github.com/mom-ocean/MOM6/search?q=use_legacy_diabatic_driver"", ""use_legacy_diabatic_driver"")",False,False
,"=HYPERLINK(""https://github.com/mom-ocean/MOM6/search?q=mom6"", ""&mom6"")","=HYPERLINK(""https://github.com/mom-ocean/MOM6/search?q=use_lmd94"", ""use_lmd94"")",True,True
,"=HYPERLINK(""https://github.com/mom-ocean/MOM6/search?q=mom6"", ""&mom6"")","=HYPERLINK(""https://github.com/mom-ocean/MOM6/search?q=use_lotw_bbl_diffusivity"", ""use_lotw_bbl_diffusivity"")",True,True
,"=HYPERLINK(""https://github.com/mom-ocean/MOM6/search?q=mom6"", ""&mom6"")","=HYPERLINK(""https://github.com/mom-ocean/MOM6/search?q=use_meke"", ""use_meke"")",True,True
,"=HYPERLINK(""https://github.com/mom-ocean/MOM6/search?q=mom6"", ""&mom6"")","=HYPERLINK(""https://github.com/mom-ocean/MOM6/search?q=use_neutral_diffusion"", ""use_neutral_diffusion"")",True,True
,"=HYPERLINK(""https://github.com/mom-ocean/MOM6/search?q=mom6"", ""&mom6"")","=HYPERLINK(""https://github.com/mom-ocean/MOM6/search?q=use_psurf_in_eos"", ""use_psurf_in_eos"")",True,True
,"=HYPERLINK(""https://github.com/mom-ocean/MOM6/search?q=mom6"", ""&mom6"")","=HYPERLINK(""https://github.com/mom-ocean/MOM6/search?q=use_regridding"", ""use_regridding"")",True,True
,"=HYPERLINK(""https://github.com/mom-ocean/MOM6/search?q=mom6"", ""&mom6"")","=HYPERLINK(""https://github.com/mom-ocean/MOM6/search?q=use_stored_slopes"", ""use_stored_slopes"")",True,True
,"=HYPERLINK(""https://github.com/mom-ocean/MOM6/search?q=mom6"", ""&mom6"")","=HYPERLINK(""https://github.com/mom-ocean/MOM6/search?q=use_variable_mixing"", ""use_variable_mixing"")",True,True
,"=HYPERLINK(""https://github.com/mom-ocean/MOM6/search?q=mom6"", ""&mom6"")","=HYPERLINK(""https://github.com/mom-ocean/MOM6/search?q=use_waves"", ""use_waves"")",True,True
,"=HYPERLINK(""https://github.com/mom-ocean/MOM6/search?q=mom6"", ""&mom6"")","=HYPERLINK(""https://github.com/mom-ocean/MOM6/search?q=v_trunc_file"", ""v_trunc_file"")",V_velocity_truncations,V_velocity_truncations
,"=HYPERLINK(""https://github.com/mom-ocean/MOM6/search?q=mom6"", ""&mom6"")","=HYPERLINK(""https://github.com/mom-ocean/MOM6/search?q=velocity_tolerance"", ""velocity_tolerance"")",0.0001,0.0001
,"=HYPERLINK(""https://github.com/mom-ocean/MOM6/search?q=mom6"", ""&mom6"")","=HYPERLINK(""https://github.com/mom-ocean/MOM6/search?q=visc_res_scale_coef"", ""visc_res_scale_coef"")",0.4,0.4
,"=HYPERLINK(""https://github.com/mom-ocean/MOM6/search?q=mom6"", ""&mom6"")","=HYPERLINK(""https://github.com/mom-ocean/MOM6/search?q=wave_method"", ""wave_method"")",EFACTOR,EFACTOR
,"=HYPERLINK(""https://github.com/mom-ocean/MOM6/search?q=mom6"", ""&mom6"")","=HYPERLINK(""https://github.com/mom-ocean/MOM6/search?q=z_init_ale_remapping"", ""z_init_ale_remapping"")",True,True
*,"=HYPERLINK(""https://github.com/mom-ocean/MOM6/search?q=mom6"", ""&mom6"")","=HYPERLINK(""https://github.com/mom-ocean/MOM6/search?q=z_init_file_ptemp_var"", ""z_init_file_ptemp_var"")",temp,PTEMP
*,"=HYPERLINK(""https://github.com/mom-ocean/MOM6/search?q=mom6"", ""&mom6"")","=HYPERLINK(""https://github.com/mom-ocean/MOM6/search?q=z_init_file_salt_var"", ""z_init_file_salt_var"")",salt,SALT
*,"=HYPERLINK(""https://github.com/mom-ocean/MOM6/search?q=mom6"", ""&mom6"")","=HYPERLINK(""https://github.com/mom-ocean/MOM6/search?q=z_init_remap_general"", ""z_init_remap_general"")",True,
,"=HYPERLINK(""https://github.com/mom-ocean/MOM6/search?q=mom6"", ""&mom6"")","=HYPERLINK(""https://github.com/mom-ocean/MOM6/search?q=z_init_remap_old_alg"", ""z_init_remap_old_alg"")",False,False
