diff,group,variable,mom6-panan/MOM_input,mom6-eac/MOM_input
,"=HYPERLINK(""https://github.com/mom-ocean/MOM6/search?q=mom6"", ""&mom6"")","=HYPERLINK(""https://github.com/mom-ocean/MOM6/search?q=ah_vel_scale"", ""ah_vel_scale"")",0.01,0.01
,"=HYPERLINK(""https://github.com/mom-ocean/MOM6/search?q=mom6"", ""&mom6"")","=HYPERLINK(""https://github.com/mom-ocean/MOM6/search?q=ale_coordinate_config"", ""ale_coordinate_config"")","FILE:vcoord.nc,interfaces=st_edges_ocean","FILE:vcoord.nc,interfaces=st_edges_ocean"
,"=HYPERLINK(""https://github.com/mom-ocean/MOM6/search?q=mom6"", ""&mom6"")","=HYPERLINK(""https://github.com/mom-ocean/MOM6/search?q=bad_val_sst_min"", ""bad_val_sst_min"")",-3.0,-3.0
,"=HYPERLINK(""https://github.com/mom-ocean/MOM6/search?q=mom6"", ""&mom6"")","=HYPERLINK(""https://github.com/mom-ocean/MOM6/search?q=bbl_mixing_as_max"", ""bbl_mixing_as_max"")",False,False
,"=HYPERLINK(""https://github.com/mom-ocean/MOM6/search?q=mom6"", ""&mom6"")","=HYPERLINK(""https://github.com/mom-ocean/MOM6/search?q=bbl_thick_min"", ""bbl_thick_min"")",0.1,0.1
,"=HYPERLINK(""https://github.com/mom-ocean/MOM6/search?q=mom6"", ""&mom6"")","=HYPERLINK(""https://github.com/mom-ocean/MOM6/search?q=bbl_use_eos"", ""bbl_use_eos"")",True,True
,"=HYPERLINK(""https://github.com/mom-ocean/MOM6/search?q=mom6"", ""&mom6"")","=HYPERLINK(""https://github.com/mom-ocean/MOM6/search?q=bebt"", ""bebt"")",0.2,0.2
,"=HYPERLINK(""https://github.com/mom-ocean/MOM6/search?q=mom6"", ""&mom6"")","=HYPERLINK(""https://github.com/mom-ocean/MOM6/search?q=bound_bt_correction"", ""bound_bt_correction"")",True,True
,"=HYPERLINK(""https://github.com/mom-ocean/MOM6/search?q=mom6"", ""&mom6"")","=HYPERLINK(""https://github.com/mom-ocean/MOM6/search?q=bound_coriolis"", ""bound_coriolis"")",True,True
,"=HYPERLINK(""https://github.com/mom-ocean/MOM6/search?q=mom6"", ""&mom6"")","=HYPERLINK(""https://github.com/mom-ocean/MOM6/search?q=bound_salinity"", ""bound_salinity"")",True,True
,"=HYPERLINK(""https://github.com/mom-ocean/MOM6/search?q=mom6"", ""&mom6"")","=HYPERLINK(""https://github.com/mom-ocean/MOM6/search?q=boundary_extrapolation"", ""boundary_extrapolation"")",True,True
,"=HYPERLINK(""https://github.com/mom-ocean/MOM6/search?q=mom6"", ""&mom6"")","=HYPERLINK(""https://github.com/mom-ocean/MOM6/search?q=brushcutter_mode"", ""brushcutter_mode"")",True,True
,"=HYPERLINK(""https://github.com/mom-ocean/MOM6/search?q=mom6"", ""&mom6"")","=HYPERLINK(""https://github.com/mom-ocean/MOM6/search?q=bt_project_velocity"", ""bt_project_velocity"")",True,True
,"=HYPERLINK(""https://github.com/mom-ocean/MOM6/search?q=mom6"", ""&mom6"")","=HYPERLINK(""https://github.com/mom-ocean/MOM6/search?q=c_p"", ""c_p"")",3992.0,3992.0
,"=HYPERLINK(""https://github.com/mom-ocean/MOM6/search?q=mom6"", ""&mom6"")","=HYPERLINK(""https://github.com/mom-ocean/MOM6/search?q=cd_tides"", ""cd_tides"")",0.0018,0.0018
,"=HYPERLINK(""https://github.com/mom-ocean/MOM6/search?q=mom6"", ""&mom6"")","=HYPERLINK(""https://github.com/mom-ocean/MOM6/search?q=channel_drag"", ""channel_drag"")",True,True
,"=HYPERLINK(""https://github.com/mom-ocean/MOM6/search?q=mom6"", ""&mom6"")","=HYPERLINK(""https://github.com/mom-ocean/MOM6/search?q=check_bad_surface_vals"", ""check_bad_surface_vals"")",True,True
,"=HYPERLINK(""https://github.com/mom-ocean/MOM6/search?q=mom6"", ""&mom6"")","=HYPERLINK(""https://github.com/mom-ocean/MOM6/search?q=check_diffusive_cfl"", ""check_diffusive_cfl"")",True,True
,"=HYPERLINK(""https://github.com/mom-ocean/MOM6/search?q=mom6"", ""&mom6"")","=HYPERLINK(""https://github.com/mom-ocean/MOM6/search?q=coord_config"", ""coord_config"")",ALE,ALE
,"=HYPERLINK(""https://github.com/mom-ocean/MOM6/search?q=mom6"", ""&mom6"")","=HYPERLINK(""https://github.com/mom-ocean/MOM6/search?q=coriolis_scheme"", ""coriolis_scheme"")",SADOURNY75_ENSTRO,SADOURNY75_ENSTRO
*,"=HYPERLINK(""https://github.com/mom-ocean/MOM6/search?q=mom6"", ""&mom6"")","=HYPERLINK(""https://github.com/mom-ocean/MOM6/search?q=depress_initial_surface"", ""depress_initial_surface"")",,True
,"=HYPERLINK(""https://github.com/mom-ocean/MOM6/search?q=mom6"", ""&mom6"")","=HYPERLINK(""https://github.com/mom-ocean/MOM6/search?q=diag_coord_def_rho2"", ""diag_coord_def_rho2"")","FILE:diag_rho2.nc,interfaces=rho2","FILE:diag_rho2.nc,interfaces=rho2"
,"=HYPERLINK(""https://github.com/mom-ocean/MOM6/search?q=mom6"", ""&mom6"")","=HYPERLINK(""https://github.com/mom-ocean/MOM6/search?q=diag_coord_def_z"", ""diag_coord_def_z"")","FILE:vcoord.nc,interfaces=st_edges_ocean","FILE:vcoord.nc,interfaces=st_edges_ocean"
,"=HYPERLINK(""https://github.com/mom-ocean/MOM6/search?q=mom6"", ""&mom6"")","=HYPERLINK(""https://github.com/mom-ocean/MOM6/search?q=diag_coords"", ""diag_coords"")","['z Z ZSTAR', 'rho2 RHO2 RHO']","['z Z ZSTAR', 'rho2 RHO2 RHO']"
,"=HYPERLINK(""https://github.com/mom-ocean/MOM6/search?q=mom6"", ""&mom6"")","=HYPERLINK(""https://github.com/mom-ocean/MOM6/search?q=drag_bg_vel"", ""drag_bg_vel"")",0.1,0.1
,"=HYPERLINK(""https://github.com/mom-ocean/MOM6/search?q=mom6"", ""&mom6"")","=HYPERLINK(""https://github.com/mom-ocean/MOM6/search?q=dt"", ""dt"")",900.0,900.0
,"=HYPERLINK(""https://github.com/mom-ocean/MOM6/search?q=mom6"", ""&mom6"")","=HYPERLINK(""https://github.com/mom-ocean/MOM6/search?q=dt_therm"", ""dt_therm"")",1800.0,1800.0
,"=HYPERLINK(""https://github.com/mom-ocean/MOM6/search?q=mom6"", ""&mom6"")","=HYPERLINK(""https://github.com/mom-ocean/MOM6/search?q=dtbt"", ""dtbt"")",-0.9,-0.9
,"=HYPERLINK(""https://github.com/mom-ocean/MOM6/search?q=mom6"", ""&mom6"")","=HYPERLINK(""https://github.com/mom-ocean/MOM6/search?q=dynamic_surface_pressure"", ""dynamic_surface_pressure"")",True,True
,"=HYPERLINK(""https://github.com/mom-ocean/MOM6/search?q=mom6"", ""&mom6"")","=HYPERLINK(""https://github.com/mom-ocean/MOM6/search?q=energetics_sfc_pbl"", ""energetics_sfc_pbl"")",True,True
,"=HYPERLINK(""https://github.com/mom-ocean/MOM6/search?q=mom6"", ""&mom6"")","=HYPERLINK(""https://github.com/mom-ocean/MOM6/search?q=energysavedays"", ""energysavedays"")",1.0,1.0
,"=HYPERLINK(""https://github.com/mom-ocean/MOM6/search?q=mom6"", ""&mom6"")","=HYPERLINK(""https://github.com/mom-ocean/MOM6/search?q=epbl_is_additive"", ""epbl_is_additive"")",False,False
,"=HYPERLINK(""https://github.com/mom-ocean/MOM6/search?q=mom6"", ""&mom6"")","=HYPERLINK(""https://github.com/mom-ocean/MOM6/search?q=epbl_langmuir_scheme"", ""epbl_langmuir_scheme"")",ADDITIVE,ADDITIVE
,"=HYPERLINK(""https://github.com/mom-ocean/MOM6/search?q=mom6"", ""&mom6"")","=HYPERLINK(""https://github.com/mom-ocean/MOM6/search?q=epbl_mstar_scheme"", ""epbl_mstar_scheme"")",OM4,OM4
,"=HYPERLINK(""https://github.com/mom-ocean/MOM6/search?q=mom6"", ""&mom6"")","=HYPERLINK(""https://github.com/mom-ocean/MOM6/search?q=epbl_transition_scale"", ""epbl_transition_scale"")",0.01,0.01
,"=HYPERLINK(""https://github.com/mom-ocean/MOM6/search?q=mom6"", ""&mom6"")","=HYPERLINK(""https://github.com/mom-ocean/MOM6/search?q=eta_tolerance"", ""eta_tolerance"")",1e-06,1e-06
,"=HYPERLINK(""https://github.com/mom-ocean/MOM6/search?q=mom6"", ""&mom6"")","=HYPERLINK(""https://github.com/mom-ocean/MOM6/search?q=eta_tolerance_aux"", ""eta_tolerance_aux"")",0.001,0.001
,"=HYPERLINK(""https://github.com/mom-ocean/MOM6/search?q=mom6"", ""&mom6"")","=HYPERLINK(""https://github.com/mom-ocean/MOM6/search?q=fox_kemper_ml_restrat_coef"", ""fox_kemper_ml_restrat_coef"")",1.0,1.0
,"=HYPERLINK(""https://github.com/mom-ocean/MOM6/search?q=mom6"", ""&mom6"")","=HYPERLINK(""https://github.com/mom-ocean/MOM6/search?q=frazil"", ""frazil"")",True,True
,"=HYPERLINK(""https://github.com/mom-ocean/MOM6/search?q=mom6"", ""&mom6"")","=HYPERLINK(""https://github.com/mom-ocean/MOM6/search?q=grid_config"", ""grid_config"")",mosaic,mosaic
*,"=HYPERLINK(""https://github.com/mom-ocean/MOM6/search?q=mom6"", ""&mom6"")","=HYPERLINK(""https://github.com/mom-ocean/MOM6/search?q=grid_file"", ""grid_file"")",ocean_hgrid.nc,hgrid_01.nc
,"=HYPERLINK(""https://github.com/mom-ocean/MOM6/search?q=mom6"", ""&mom6"")","=HYPERLINK(""https://github.com/mom-ocean/MOM6/search?q=gust_const"", ""gust_const"")",0.0,0.0
,"=HYPERLINK(""https://github.com/mom-ocean/MOM6/search?q=mom6"", ""&mom6"")","=HYPERLINK(""https://github.com/mom-ocean/MOM6/search?q=hbbl"", ""hbbl"")",10.0,10.0
,"=HYPERLINK(""https://github.com/mom-ocean/MOM6/search?q=mom6"", ""&mom6"")","=HYPERLINK(""https://github.com/mom-ocean/MOM6/search?q=henyey_igw_background"", ""henyey_igw_background"")",True,True
,"=HYPERLINK(""https://github.com/mom-ocean/MOM6/search?q=mom6"", ""&mom6"")","=HYPERLINK(""https://github.com/mom-ocean/MOM6/search?q=hmix_fixed"", ""hmix_fixed"")",0.5,0.5
,"=HYPERLINK(""https://github.com/mom-ocean/MOM6/search?q=mom6"", ""&mom6"")","=HYPERLINK(""https://github.com/mom-ocean/MOM6/search?q=init_layers_from_z_file"", ""init_layers_from_z_file"")",True,True
,"=HYPERLINK(""https://github.com/mom-ocean/MOM6/search?q=mom6"", ""&mom6"")","=HYPERLINK(""https://github.com/mom-ocean/MOM6/search?q=inputdir"", ""inputdir"")",INPUT,INPUT
,"=HYPERLINK(""https://github.com/mom-ocean/MOM6/search?q=mom6"", ""&mom6"")","=HYPERLINK(""https://github.com/mom-ocean/MOM6/search?q=int_tide_dissipation"", ""int_tide_dissipation"")",False,False
,"=HYPERLINK(""https://github.com/mom-ocean/MOM6/search?q=mom6"", ""&mom6"")","=HYPERLINK(""https://github.com/mom-ocean/MOM6/search?q=io_layout"", ""io_layout"")","[1, 1]","[1, 1]"
,"=HYPERLINK(""https://github.com/mom-ocean/MOM6/search?q=mom6"", ""&mom6"")","=HYPERLINK(""https://github.com/mom-ocean/MOM6/search?q=kd"", ""kd"")",1.5e-05,1.5e-05
,"=HYPERLINK(""https://github.com/mom-ocean/MOM6/search?q=mom6"", ""&mom6"")","=HYPERLINK(""https://github.com/mom-ocean/MOM6/search?q=kd_max"", ""kd_max"")",0.1,0.1
,"=HYPERLINK(""https://github.com/mom-ocean/MOM6/search?q=mom6"", ""&mom6"")","=HYPERLINK(""https://github.com/mom-ocean/MOM6/search?q=kd_min"", ""kd_min"")",2e-06,2e-06
,"=HYPERLINK(""https://github.com/mom-ocean/MOM6/search?q=mom6"", ""&mom6"")","=HYPERLINK(""https://github.com/mom-ocean/MOM6/search?q=khth_max_cfl"", ""khth_max_cfl"")",0.1,0.1
,"=HYPERLINK(""https://github.com/mom-ocean/MOM6/search?q=mom6"", ""&mom6"")","=HYPERLINK(""https://github.com/mom-ocean/MOM6/search?q=kv"", ""kv"")",0.0001,0.0001
,"=HYPERLINK(""https://github.com/mom-ocean/MOM6/search?q=mom6"", ""&mom6"")","=HYPERLINK(""https://github.com/mom-ocean/MOM6/search?q=kv_bbl_min"", ""kv_bbl_min"")",0.0,0.0
,"=HYPERLINK(""https://github.com/mom-ocean/MOM6/search?q=mom6"", ""&mom6"")","=HYPERLINK(""https://github.com/mom-ocean/MOM6/search?q=kv_tbl_min"", ""kv_tbl_min"")",0.0,0.0
,"=HYPERLINK(""https://github.com/mom-ocean/MOM6/search?q=mom6"", ""&mom6"")","=HYPERLINK(""https://github.com/mom-ocean/MOM6/search?q=laplacian"", ""laplacian"")",True,True
*,"=HYPERLINK(""https://github.com/mom-ocean/MOM6/search?q=mom6"", ""&mom6"")","=HYPERLINK(""https://github.com/mom-ocean/MOM6/search?q=layout"", ""layout"")","[72, 17]","[8, 12]"
,"=HYPERLINK(""https://github.com/mom-ocean/MOM6/search?q=mom6"", ""&mom6"")","=HYPERLINK(""https://github.com/mom-ocean/MOM6/search?q=lt_enhance_coef"", ""lt_enhance_coef"")",0.044,0.044
,"=HYPERLINK(""https://github.com/mom-ocean/MOM6/search?q=mom6"", ""&mom6"")","=HYPERLINK(""https://github.com/mom-ocean/MOM6/search?q=lt_enhance_exp"", ""lt_enhance_exp"")",-1.5,-1.5
,"=HYPERLINK(""https://github.com/mom-ocean/MOM6/search?q=mom6"", ""&mom6"")","=HYPERLINK(""https://github.com/mom-ocean/MOM6/search?q=lt_mod_lac1"", ""lt_mod_lac1"")",0.0,0.0
,"=HYPERLINK(""https://github.com/mom-ocean/MOM6/search?q=mom6"", ""&mom6"")","=HYPERLINK(""https://github.com/mom-ocean/MOM6/search?q=lt_mod_lac4"", ""lt_mod_lac4"")",0.0,0.0
,"=HYPERLINK(""https://github.com/mom-ocean/MOM6/search?q=mom6"", ""&mom6"")","=HYPERLINK(""https://github.com/mom-ocean/MOM6/search?q=lt_mod_lac5"", ""lt_mod_lac5"")",0.22,0.22
*,"=HYPERLINK(""https://github.com/mom-ocean/MOM6/search?q=mom6"", ""&mom6"")","=HYPERLINK(""https://github.com/mom-ocean/MOM6/search?q=masktable"", ""masktable"")",masks/mask_table.262.72x17,masks/mask_table.5.8x12
,"=HYPERLINK(""https://github.com/mom-ocean/MOM6/search?q=mom6"", ""&mom6"")","=HYPERLINK(""https://github.com/mom-ocean/MOM6/search?q=mass_weight_in_pressure_gradient"", ""mass_weight_in_pressure_gradient"")",True,True
,"=HYPERLINK(""https://github.com/mom-ocean/MOM6/search?q=mom6"", ""&mom6"")","=HYPERLINK(""https://github.com/mom-ocean/MOM6/search?q=max_p_surf"", ""max_p_surf"")",0.0,0.0
,"=HYPERLINK(""https://github.com/mom-ocean/MOM6/search?q=mom6"", ""&mom6"")","=HYPERLINK(""https://github.com/mom-ocean/MOM6/search?q=maximum_depth"", ""maximum_depth"")",6000.0,6000.0
,"=HYPERLINK(""https://github.com/mom-ocean/MOM6/search?q=mom6"", ""&mom6"")","=HYPERLINK(""https://github.com/mom-ocean/MOM6/search?q=maxtrunc"", ""maxtrunc"")",100000,100000
,"=HYPERLINK(""https://github.com/mom-ocean/MOM6/search?q=mom6"", ""&mom6"")","=HYPERLINK(""https://github.com/mom-ocean/MOM6/search?q=maxvel"", ""maxvel"")",6.0,6.0
,"=HYPERLINK(""https://github.com/mom-ocean/MOM6/search?q=mom6"", ""&mom6"")","=HYPERLINK(""https://github.com/mom-ocean/MOM6/search?q=minimum_depth"", ""minimum_depth"")",9.5,9.5
,"=HYPERLINK(""https://github.com/mom-ocean/MOM6/search?q=mom6"", ""&mom6"")","=HYPERLINK(""https://github.com/mom-ocean/MOM6/search?q=mix_len_exponent"", ""mix_len_exponent"")",1.0,1.0
,"=HYPERLINK(""https://github.com/mom-ocean/MOM6/search?q=mom6"", ""&mom6"")","=HYPERLINK(""https://github.com/mom-ocean/MOM6/search?q=mixedlayer_restrat"", ""mixedlayer_restrat"")",True,True
,"=HYPERLINK(""https://github.com/mom-ocean/MOM6/search?q=mom6"", ""&mom6"")","=HYPERLINK(""https://github.com/mom-ocean/MOM6/search?q=ml_omega_frac"", ""ml_omega_frac"")",0.001,0.001
,"=HYPERLINK(""https://github.com/mom-ocean/MOM6/search?q=mom6"", ""&mom6"")","=HYPERLINK(""https://github.com/mom-ocean/MOM6/search?q=mle_front_length"", ""mle_front_length"")",500.0,500.0
,"=HYPERLINK(""https://github.com/mom-ocean/MOM6/search?q=mom6"", ""&mom6"")","=HYPERLINK(""https://github.com/mom-ocean/MOM6/search?q=mle_mld_decay_time"", ""mle_mld_decay_time"")",2592000.0,2592000.0
,"=HYPERLINK(""https://github.com/mom-ocean/MOM6/search?q=mom6"", ""&mom6"")","=HYPERLINK(""https://github.com/mom-ocean/MOM6/search?q=mle_use_pbl_mld"", ""mle_use_pbl_mld"")",True,True
,"=HYPERLINK(""https://github.com/mom-ocean/MOM6/search?q=mom6"", ""&mom6"")","=HYPERLINK(""https://github.com/mom-ocean/MOM6/search?q=mstar"", ""mstar"")",0.0,0.0
,"=HYPERLINK(""https://github.com/mom-ocean/MOM6/search?q=mom6"", ""&mom6"")","=HYPERLINK(""https://github.com/mom-ocean/MOM6/search?q=mstar2_coef1"", ""mstar2_coef1"")",0.29,0.29
,"=HYPERLINK(""https://github.com/mom-ocean/MOM6/search?q=mom6"", ""&mom6"")","=HYPERLINK(""https://github.com/mom-ocean/MOM6/search?q=mstar2_coef2"", ""mstar2_coef2"")",0.152,0.152
,"=HYPERLINK(""https://github.com/mom-ocean/MOM6/search?q=mom6"", ""&mom6"")","=HYPERLINK(""https://github.com/mom-ocean/MOM6/search?q=mstar_cap"", ""mstar_cap"")",10.0,10.0
,"=HYPERLINK(""https://github.com/mom-ocean/MOM6/search?q=mom6"", ""&mom6"")","=HYPERLINK(""https://github.com/mom-ocean/MOM6/search?q=mstar_conv_adj"", ""mstar_conv_adj"")",0.667,0.667
*,"=HYPERLINK(""https://github.com/mom-ocean/MOM6/search?q=mom6"", ""&mom6"")","=HYPERLINK(""https://github.com/mom-ocean/MOM6/search?q=niglobal"", ""niglobal"")",3600,320
*,"=HYPERLINK(""https://github.com/mom-ocean/MOM6/search?q=mom6"", ""&mom6"")","=HYPERLINK(""https://github.com/mom-ocean/MOM6/search?q=njglobal"", ""njglobal"")",845,490
,"=HYPERLINK(""https://github.com/mom-ocean/MOM6/search?q=mom6"", ""&mom6"")","=HYPERLINK(""https://github.com/mom-ocean/MOM6/search?q=nk"", ""nk"")",75,75
,"=HYPERLINK(""https://github.com/mom-ocean/MOM6/search?q=mom6"", ""&mom6"")","=HYPERLINK(""https://github.com/mom-ocean/MOM6/search?q=nstar"", ""nstar"")",0.06,0.06
,"=HYPERLINK(""https://github.com/mom-ocean/MOM6/search?q=mom6"", ""&mom6"")","=HYPERLINK(""https://github.com/mom-ocean/MOM6/search?q=num_diag_coords"", ""num_diag_coords"")",2,2
,"=HYPERLINK(""https://github.com/mom-ocean/MOM6/search?q=mom6"", ""&mom6"")","=HYPERLINK(""https://github.com/mom-ocean/MOM6/search?q=obc_freeslip_strain"", ""obc_freeslip_strain"")",True,True
,"=HYPERLINK(""https://github.com/mom-ocean/MOM6/search?q=mom6"", ""&mom6"")","=HYPERLINK(""https://github.com/mom-ocean/MOM6/search?q=obc_freeslip_vorticity"", ""obc_freeslip_vorticity"")",True,True
*,"=HYPERLINK(""https://github.com/mom-ocean/MOM6/search?q=mom6"", ""&mom6"")","=HYPERLINK(""https://github.com/mom-ocean/MOM6/search?q=obc_number_of_segments"", ""obc_number_of_segments"")",1,4
*,"=HYPERLINK(""https://github.com/mom-ocean/MOM6/search?q=mom6"", ""&mom6"")","=HYPERLINK(""https://github.com/mom-ocean/MOM6/search?q=obc_segment_001"", ""obc_segment_001"")","J=N,I=N:0,FLATHER,ORLANSKI,NUDGED","J=0,I=0:N,FLATHER,ORLANSKI,NUDGED"
*,"=HYPERLINK(""https://github.com/mom-ocean/MOM6/search?q=mom6"", ""&mom6"")","=HYPERLINK(""https://github.com/mom-ocean/MOM6/search?q=obc_segment_001_data"", ""obc_segment_001_data"")","U=file:forcing/forcing_obc.nc(u),V=file:forcing/forcing_obc.nc(v),SSH=file:forcing/forcing_obc.nc(eta_t),TEMP=file:forcing/forcing_obc.nc(temp),SALT=file:forcing/forcing_obc.nc(salt)","U=file:forcing/forcing_obc_segment_001.nc(u),V=file:forcing/forcing_obc_segment_001.nc(v),SSH=file:forcing/forcing_obc_segment_001.nc(eta_t),TEMP=file:forcing/forcing_obc_segment_001.nc(temp),SALT=file:forcing/forcing_obc_segment_001.nc(salt)"
,"=HYPERLINK(""https://github.com/mom-ocean/MOM6/search?q=mom6"", ""&mom6"")","=HYPERLINK(""https://github.com/mom-ocean/MOM6/search?q=obc_segment_001_velocity_nudging_timescales"", ""obc_segment_001_velocity_nudging_timescales"")","[0.3, 360.0]","[0.3, 360.0]"
*,"=HYPERLINK(""https://github.com/mom-ocean/MOM6/search?q=mom6"", ""&mom6"")","=HYPERLINK(""https://github.com/mom-ocean/MOM6/search?q=obc_segment_002"", ""obc_segment_002"")",,"J=N,I=N:0,FLATHER,ORLANSKI,NUDGED"
*,"=HYPERLINK(""https://github.com/mom-ocean/MOM6/search?q=mom6"", ""&mom6"")","=HYPERLINK(""https://github.com/mom-ocean/MOM6/search?q=obc_segment_002_data"", ""obc_segment_002_data"")",,"U=file:forcing/forcing_obc_segment_002.nc(u),V=file:forcing/forcing_obc_segment_002.nc(v),SSH=file:forcing/forcing_obc_segment_002.nc(eta_t),TEMP=file:forcing/forcing_obc_segment_002.nc(temp),SALT=file:forcing/forcing_obc_segment_002.nc(salt)"
*,"=HYPERLINK(""https://github.com/mom-ocean/MOM6/search?q=mom6"", ""&mom6"")","=HYPERLINK(""https://github.com/mom-ocean/MOM6/search?q=obc_segment_002_velocity_nudging_timescales"", ""obc_segment_002_velocity_nudging_timescales"")",,"[0.3, 360.0]"
*,"=HYPERLINK(""https://github.com/mom-ocean/MOM6/search?q=mom6"", ""&mom6"")","=HYPERLINK(""https://github.com/mom-ocean/MOM6/search?q=obc_segment_003"", ""obc_segment_003"")",,"I=0,J=N:0,FLATHER,ORLANSKI,NUDGED"
*,"=HYPERLINK(""https://github.com/mom-ocean/MOM6/search?q=mom6"", ""&mom6"")","=HYPERLINK(""https://github.com/mom-ocean/MOM6/search?q=obc_segment_003_data"", ""obc_segment_003_data"")",,"U=file:forcing/forcing_obc_segment_003.nc(u),V=file:forcing/forcing_obc_segment_003.nc(v),SSH=file:forcing/forcing_obc_segment_003.nc(eta_t),TEMP=file:forcing/forcing_obc_segment_003.nc(temp),SALT=file:forcing/forcing_obc_segment_003.nc(salt)"
*,"=HYPERLINK(""https://github.com/mom-ocean/MOM6/search?q=mom6"", ""&mom6"")","=HYPERLINK(""https://github.com/mom-ocean/MOM6/search?q=obc_segment_003_velocity_nudging_timescales"", ""obc_segment_003_velocity_nudging_timescales"")",,"[0.3, 360.0]"
*,"=HYPERLINK(""https://github.com/mom-ocean/MOM6/search?q=mom6"", ""&mom6"")","=HYPERLINK(""https://github.com/mom-ocean/MOM6/search?q=obc_segment_004"", ""obc_segment_004"")",,"I=N,J=0:N,FLATHER,ORLANSKI,NUDGED"
*,"=HYPERLINK(""https://github.com/mom-ocean/MOM6/search?q=mom6"", ""&mom6"")","=HYPERLINK(""https://github.com/mom-ocean/MOM6/search?q=obc_segment_004_data"", ""obc_segment_004_data"")",,"U=file:forcing/forcing_obc_segment_004.nc(u),V=file:forcing/forcing_obc_segment_004.nc(v),SSH=file:forcing/forcing_obc_segment_004.nc(eta_t),TEMP=file:forcing/forcing_obc_segment_004.nc(temp),SALT=file:forcing/forcing_obc_segment_004.nc(salt)"
*,"=HYPERLINK(""https://github.com/mom-ocean/MOM6/search?q=mom6"", ""&mom6"")","=HYPERLINK(""https://github.com/mom-ocean/MOM6/search?q=obc_segment_004_velocity_nudging_timescales"", ""obc_segment_004_velocity_nudging_timescales"")",,"[0.3, 360.0]"
,"=HYPERLINK(""https://github.com/mom-ocean/MOM6/search?q=mom6"", ""&mom6"")","=HYPERLINK(""https://github.com/mom-ocean/MOM6/search?q=obc_tracer_reservoir_length_scale_in"", ""obc_tracer_reservoir_length_scale_in"")",3000,3000
,"=HYPERLINK(""https://github.com/mom-ocean/MOM6/search?q=mom6"", ""&mom6"")","=HYPERLINK(""https://github.com/mom-ocean/MOM6/search?q=obc_tracer_reservoir_length_scale_out"", ""obc_tracer_reservoir_length_scale_out"")",30000,30000
,"=HYPERLINK(""https://github.com/mom-ocean/MOM6/search?q=mom6"", ""&mom6"")","=HYPERLINK(""https://github.com/mom-ocean/MOM6/search?q=obc_zero_biharmonic"", ""obc_zero_biharmonic"")",True,True
,"=HYPERLINK(""https://github.com/mom-ocean/MOM6/search?q=mom6"", ""&mom6"")","=HYPERLINK(""https://github.com/mom-ocean/MOM6/search?q=prandtl_turb"", ""prandtl_turb"")",1.25,1.25
*,"=HYPERLINK(""https://github.com/mom-ocean/MOM6/search?q=mom6"", ""&mom6"")","=HYPERLINK(""https://github.com/mom-ocean/MOM6/search?q=reentrant_x"", ""reentrant_x"")",,False
,"=HYPERLINK(""https://github.com/mom-ocean/MOM6/search?q=mom6"", ""&mom6"")","=HYPERLINK(""https://github.com/mom-ocean/MOM6/search?q=regridding_coordinate_mode"", ""regridding_coordinate_mode"")",ZSTAR,ZSTAR
,"=HYPERLINK(""https://github.com/mom-ocean/MOM6/search?q=mom6"", ""&mom6"")","=HYPERLINK(""https://github.com/mom-ocean/MOM6/search?q=remapping_scheme"", ""remapping_scheme"")",PPM_H4,PPM_H4
,"=HYPERLINK(""https://github.com/mom-ocean/MOM6/search?q=mom6"", ""&mom6"")","=HYPERLINK(""https://github.com/mom-ocean/MOM6/search?q=report_unused_params"", ""report_unused_params"")",True,True
,"=HYPERLINK(""https://github.com/mom-ocean/MOM6/search?q=mom6"", ""&mom6"")","=HYPERLINK(""https://github.com/mom-ocean/MOM6/search?q=restart_checksums_required"", ""restart_checksums_required"")",False,False
*,"=HYPERLINK(""https://github.com/mom-ocean/MOM6/search?q=mom6"", ""&mom6"")","=HYPERLINK(""https://github.com/mom-ocean/MOM6/search?q=save_initial_conds"", ""save_initial_conds"")",,True
,"=HYPERLINK(""https://github.com/mom-ocean/MOM6/search?q=mom6"", ""&mom6"")","=HYPERLINK(""https://github.com/mom-ocean/MOM6/search?q=sea_ice_rigid_mass"", ""sea_ice_rigid_mass"")",100.0,100.0
,"=HYPERLINK(""https://github.com/mom-ocean/MOM6/search?q=mom6"", ""&mom6"")","=HYPERLINK(""https://github.com/mom-ocean/MOM6/search?q=simple_tke_to_kd"", ""simple_tke_to_kd"")",True,True
,"=HYPERLINK(""https://github.com/mom-ocean/MOM6/search?q=mom6"", ""&mom6"")","=HYPERLINK(""https://github.com/mom-ocean/MOM6/search?q=smag_bi_const"", ""smag_bi_const"")",0.06,0.06
,"=HYPERLINK(""https://github.com/mom-ocean/MOM6/search?q=mom6"", ""&mom6"")","=HYPERLINK(""https://github.com/mom-ocean/MOM6/search?q=smagorinsky_ah"", ""smagorinsky_ah"")",True,True
,"=HYPERLINK(""https://github.com/mom-ocean/MOM6/search?q=mom6"", ""&mom6"")","=HYPERLINK(""https://github.com/mom-ocean/MOM6/search?q=sponge"", ""sponge"")",False,False
*,"=HYPERLINK(""https://github.com/mom-ocean/MOM6/search?q=mom6"", ""&mom6"")","=HYPERLINK(""https://github.com/mom-ocean/MOM6/search?q=surface_height_ic_file"", ""surface_height_ic_file"")",,forcing/init_eta.nc
*,"=HYPERLINK(""https://github.com/mom-ocean/MOM6/search?q=mom6"", ""&mom6"")","=HYPERLINK(""https://github.com/mom-ocean/MOM6/search?q=surface_height_ic_var"", ""surface_height_ic_var"")",,eta_t
,"=HYPERLINK(""https://github.com/mom-ocean/MOM6/search?q=mom6"", ""&mom6"")","=HYPERLINK(""https://github.com/mom-ocean/MOM6/search?q=temp_salt_init_vertical_remap_only"", ""temp_salt_init_vertical_remap_only"")",True,True
*,"=HYPERLINK(""https://github.com/mom-ocean/MOM6/search?q=mom6"", ""&mom6"")","=HYPERLINK(""https://github.com/mom-ocean/MOM6/search?q=temp_salt_z_init_file"", ""temp_salt_z_init_file"")",forcing/temp_salt_init_z.nc,forcing/init_cond.nc
,"=HYPERLINK(""https://github.com/mom-ocean/MOM6/search?q=mom6"", ""&mom6"")","=HYPERLINK(""https://github.com/mom-ocean/MOM6/search?q=thermo_spans_coupling"", ""thermo_spans_coupling"")",True,True
,"=HYPERLINK(""https://github.com/mom-ocean/MOM6/search?q=mom6"", ""&mom6"")","=HYPERLINK(""https://github.com/mom-ocean/MOM6/search?q=thicknessdiffuse"", ""thicknessdiffuse"")",False,False
,"=HYPERLINK(""https://github.com/mom-ocean/MOM6/search?q=mom6"", ""&mom6"")","=HYPERLINK(""https://github.com/mom-ocean/MOM6/search?q=thicknessdiffuse_first"", ""thicknessdiffuse_first"")",True,True
,"=HYPERLINK(""https://github.com/mom-ocean/MOM6/search?q=mom6"", ""&mom6"")","=HYPERLINK(""https://github.com/mom-ocean/MOM6/search?q=timeunit"", ""timeunit"")",86400,86400
,"=HYPERLINK(""https://github.com/mom-ocean/MOM6/search?q=mom6"", ""&mom6"")","=HYPERLINK(""https://github.com/mom-ocean/MOM6/search?q=tke_decay"", ""tke_decay"")",0.01,0.01
,"=HYPERLINK(""https://github.com/mom-ocean/MOM6/search?q=mom6"", ""&mom6"")","=HYPERLINK(""https://github.com/mom-ocean/MOM6/search?q=topo_config"", ""topo_config"")",file,file
*,"=HYPERLINK(""https://github.com/mom-ocean/MOM6/search?q=mom6"", ""&mom6"")","=HYPERLINK(""https://github.com/mom-ocean/MOM6/search?q=topo_file"", ""topo_file"")",ocean_topog.nc,topog_eac.nc
,"=HYPERLINK(""https://github.com/mom-ocean/MOM6/search?q=mom6"", ""&mom6"")","=HYPERLINK(""https://github.com/mom-ocean/MOM6/search?q=tracer_advection_scheme"", ""tracer_advection_scheme"")",PPM:H3,PPM:H3
,"=HYPERLINK(""https://github.com/mom-ocean/MOM6/search?q=mom6"", ""&mom6"")","=HYPERLINK(""https://github.com/mom-ocean/MOM6/search?q=u_trunc_file"", ""u_trunc_file"")",U_velocity_truncations,U_velocity_truncations
,"=HYPERLINK(""https://github.com/mom-ocean/MOM6/search?q=mom6"", ""&mom6"")","=HYPERLINK(""https://github.com/mom-ocean/MOM6/search?q=use_jackson_param"", ""use_jackson_param"")",True,True
,"=HYPERLINK(""https://github.com/mom-ocean/MOM6/search?q=mom6"", ""&mom6"")","=HYPERLINK(""https://github.com/mom-ocean/MOM6/search?q=use_la_li2016"", ""use_la_li2016"")",True,True
,"=HYPERLINK(""https://github.com/mom-ocean/MOM6/search?q=mom6"", ""&mom6"")","=HYPERLINK(""https://github.com/mom-ocean/MOM6/search?q=use_lotw_bbl_diffusivity"", ""use_lotw_bbl_diffusivity"")",True,True
,"=HYPERLINK(""https://github.com/mom-ocean/MOM6/search?q=mom6"", ""&mom6"")","=HYPERLINK(""https://github.com/mom-ocean/MOM6/search?q=use_mld_iteration"", ""use_mld_iteration"")",True,True
,"=HYPERLINK(""https://github.com/mom-ocean/MOM6/search?q=mom6"", ""&mom6"")","=HYPERLINK(""https://github.com/mom-ocean/MOM6/search?q=use_regridding"", ""use_regridding"")",True,True
,"=HYPERLINK(""https://github.com/mom-ocean/MOM6/search?q=mom6"", ""&mom6"")","=HYPERLINK(""https://github.com/mom-ocean/MOM6/search?q=use_rigid_sea_ice"", ""use_rigid_sea_ice"")",True,True
,"=HYPERLINK(""https://github.com/mom-ocean/MOM6/search?q=mom6"", ""&mom6"")","=HYPERLINK(""https://github.com/mom-ocean/MOM6/search?q=v_trunc_file"", ""v_trunc_file"")",V_velocity_truncations,V_velocity_truncations
*,"=HYPERLINK(""https://github.com/mom-ocean/MOM6/search?q=mom6"", ""&mom6"")","=HYPERLINK(""https://github.com/mom-ocean/MOM6/search?q=velocity_config"", ""velocity_config"")",,file
*,"=HYPERLINK(""https://github.com/mom-ocean/MOM6/search?q=mom6"", ""&mom6"")","=HYPERLINK(""https://github.com/mom-ocean/MOM6/search?q=velocity_file"", ""velocity_file"")",,forcing/init_vel_cgrid.nc
*,"=HYPERLINK(""https://github.com/mom-ocean/MOM6/search?q=mom6"", ""&mom6"")","=HYPERLINK(""https://github.com/mom-ocean/MOM6/search?q=write_geom"", ""write_geom"")",0,1
,"=HYPERLINK(""https://github.com/mom-ocean/MOM6/search?q=mom6"", ""&mom6"")","=HYPERLINK(""https://github.com/mom-ocean/MOM6/search?q=z_init_ale_remapping"", ""z_init_ale_remapping"")",True,True
,"=HYPERLINK(""https://github.com/mom-ocean/MOM6/search?q=mom6"", ""&mom6"")","=HYPERLINK(""https://github.com/mom-ocean/MOM6/search?q=z_init_file_ptemp_var"", ""z_init_file_ptemp_var"")",temp,temp
